id,name,business_id,uid,active,visible
1,Main Branch,1,9c673394,1,1
2,City Center,1,ed74d864,1,1
3,Main Branch,2,d786e8ca,1,1
4,City Center,2,095dcd7c,1,1
5,Main Branch,3,66cb2241,1,1
6,South,3,67a0c9ee,1,1
7,Main Branch,4,93d8030f,1,1
8,University,4,88b5e3d2,1,1
9,Market,4,bb515adc,1,1
10,Suburbs,4,3e56ec99,1,1
11,Main Branch,5,5d64c9c7,1,1
12,Business District,5,b156dfd6,1,1
13,East,5,34b8f158,1,1
14,Suburbs,5,e5f0d4b6,1,1
15,Harbor,5,c97beff5,1,1
16,City Center,5,68816940,1,1
17,Main Branch,6,1321353d,1,1
18,South,6,dd668214,1,1
19,Main Branch,7,ba1e56f9,1,1
20,Main Branch,8,cfa6d000,1,1
21,South,8,79a86bc3,1,1
22,East,8,347f8b87,1,1
23,Station,8,58f1e53c,1,1
24,Main Branch,9,c2a9af61,1,1
25,Main Branch,10,bc090594,1,1
26,South,10,42f43515,1,1
27,West,10,03e50929,1,1
28,Main Branch,11,4c93e834,1,1
29,Main Branch,12,254bea56,1,1
30,East,12,3933592e,1,1
31,Main Branch,13,bc4db42b,1,1
32,Main Branch,14,2e51aaa1,1,1
33,West,14,feaae05f,1,1
34,Airport,14,3e25fa72,1,1
35,Beachfront,14,0da2aa7b,1,1
36,Main Branch,15,9796956b,1,1
37,Downtown,15,968b18fd,1,1
38,Harbor,15,89021df6,1,1
39,Market,15,82182517,1,1
40,Central,15,c7e34a13,1,1
41,Old Town,15,f4deadd7,1,1
42,Airport,15,a9360f95,1,1
43,Main Branch,16,6b420af0,1,1
44,Station,16,0da439aa,1,1
45,Main Branch,17,00bcafdb,1,1
46,Main Branch,18,1feb1750,1,1
47,Mall Branch,18,24eb774c,1,1
48,South,18,75ed698b,1,1
49,Downtown,18,b35386ea,1,1
50,Main Branch,19,f34c58c0,1,1
51,Main Branch,20,4742ed32,1,1
52,Midtown,20,00901af5,1,1
53,Harbor,20,cea9e2bc,1,1
54,Main Branch,21,2867e794,1,1
55,Market,21,5ae7419d,1,1
56,Main Branch,22,67fe4747,1,1
57,Station,22,d685a377,1,1
58,Main Branch,23,a9b90bd8,1,1
59,Beachfront,23,81cef0f4,1,1
60,West,23,124981f5,1,1
61,Main Branch,24,daadc78d,1,1
62,Old Town,24,07bd27ee,1,1
63,Central,24,082fb5cd,1,1
64,Harbor,24,2dfd265d,1,1
65,City Center,24,9b1ebf0b,1,1
66,University,24,a9105a5c,1,1
67,Mall Branch,24,a974b319,1,1
68,West,24,eac61522,1,1
69,Main Branch,25,8f6a03fa,1,1
70,Main Branch,26,22384163,1,1
71,University,26,e141cd49,1,1
72,Old Town,26,3b49aa98,1,1
73,Main Branch,27,5ca60619,1,1
74,Central,27,e9c60c00,1,1
75,Mall Branch,27,f45fc117,1,1
76,University,27,424e4895,1,1
77,Airport,27,8fb2425f,1,1
78,Main Branch,28,f5473fe0,1,1
79,Main Branch,29,d39c7e2a,1,1
80,Main Branch,30,b4b0fe04,1,1
81,Airport,30,90da9909,1,1
82,East,30,55de3650,1,1
83,Main Branch,31,9135fa4b,1,1
84,Main Branch,32,106eb5f5,1,1
85,Beachfront,32,e2f79edb,1,1
86,West,32,ea8ce6bb,1,1
87,Main Branch,33,c3f1de68,1,1
88,City Center,33,d2013080,1,1
89,Uptown,33,286c2f26,1,1
90,Central,33,fdf9c6f2,1,1
91,Airport,33,504bfa8c,1,1
92,Main Branch,34,6575534f,1,1
93,Main Branch,35,f4aec933,1,1
94,University,35,5b867ed4,1,1
95,Main Branch,36,4f863d05,1,1
96,Main Branch,37,a72b3696,1,1
97,Station,37,0b2c5b1f,1,1
98,Beachfront,37,da7c2c8f,1,1
99,Main Branch,38,1174a8e9,1,1
100,Main Branch,39,9763b10f,1,1
101,Old Town,39,27f2c3d6,1,1
102,East,39,65778b22,1,1
103,Downtown,39,cd9476be,1,1
104,Market,39,d884cb4c,1,1
105,Beachfront,39,0e594ea2,1,1
106,Main Branch,40,4ee42751,1,1
107,West,40,6ac7a508,1,1
108,Main Branch,41,fff71be8,1,1
109,Harbor,41,912e5a2e,1,1
110,Main Branch,42,e0011466,1,1
111,Downtown,42,67192aa2,1,1
112,Main Branch,43,1f1e2b5a,1,1
113,Old Town,43,b1df4101,1,1
114,Business District,43,1ba158ef,1,1
115,Main Branch,44,831413f5,1,1
116,Beachfront,44,0d047be0,1,1
117,Main Branch,45,ca04befd,1,1
118,West,45,c3f63ca2,1,1
119,Market,45,5f3e45d8,1,1
120,University,45,90e107db,1,1
121,East,45,f031be27,1,1
122,Station,45,16069435,1,1
123,Old Town,45,710a9948,1,1
124,Main Branch,46,48785202,1,1
125,West,46,fe31e7e8,1,1
126,Main Branch,47,f6f2a53e,1,1
127,Main Branch,48,6f3cc19d,1,1
128,Downtown,48,0c01442a,1,1
129,Midtown,48,54a6bd1e,1,1
130,Main Branch,49,8a4d3797,1,1
131,Main Branch,50,afc0749e,1,1
132,University,50,2d63263f,1,1
133,South,50,2773610f,1,1
134,Uptown,50,a8bb0ddb,1,1
135,North,50,59552478,1,1
136,Main Branch,51,878e7372,1,1
137,Beachfront,51,2ef7d857,1,1
138,Main Branch,52,0ca83f3f,1,1
139,Main Branch,53,beea0b4a,1,1
140,Mall Branch,53,cf9f368e,1,1
141,Downtown,53,7fde7c4f,1,1
142,Main Branch,54,a10997ab,1,1
143,Main Branch,55,55ccad49,1,1
144,Station,55,3523e40c,1,1
145,South,55,055d8f69,1,1
146,Beachfront,55,1016c845,1,1
147,Midtown,55,da389a37,1,1
148,West,55,6ce4f34e,1,1
149,Main Branch,56,27e22e94,1,1
150,Harbor,56,17a4171e,1,1
151,Main Branch,57,2d6bcec7,1,1
152,Main Branch,58,f7564f41,1,1
153,Uptown,58,19248533,1,1
154,West,58,793e1fcf,1,1
155,Main Branch,59,437c7daa,1,1
156,University,59,0e370049,1,1
157,Main Branch,60,f609b653,1,1
158,University,60,14286f77,1,1
159,Main Branch,61,d0f3fa85,1,1
160,Main Branch,62,e167cd69,1,1
161,University,62,d6bb03cc,1,1
162,Uptown,62,ba218f36,1,1
163,Old Town,62,305b7c50,1,1
164,Main Branch,63,40170114,1,1
165,Suburbs,63,9b12c9ff,1,1
166,South,63,0e06ba7c,1,1
167,Airport,63,4299d45c,1,1
168,Main Branch,64,93895111,1,1
169,Midtown,64,ce5fda42,1,1
170,Market,64,e4daa19e,1,1
171,Old Town,64,a5d15c49,1,1
172,Main Branch,65,e40fd6fa,1,1
173,Midtown,65,9886ee75,1,1
174,Main Branch,66,dd69fc51,1,1
175,Midtown,66,e9722e1b,1,1
176,West,66,a98914fd,1,1
177,South,66,e5cba73f,1,1
178,Mall Branch,66,3f08bbf5,1,1
179,Central,66,eec0183d,1,1
180,City Center,66,1bb593f6,1,1
181,Main Branch,67,eb27cad0,1,1
182,Business District,67,312f3be4,1,1
183,Main Branch,68,2186728a,1,1
184,South,68,11f92db4,1,1
185,Midtown,68,635bbf10,1,1
186,East,68,52c75ce7,1,1
187,Main Branch,69,767a15cd,1,1
188,Main Branch,70,0a0103cf,1,1
189,City Center,70,1f180dd8,1,1
190,Station,70,1afcc0d4,1,1
191,Central,70,1d212646,1,1
192,Suburbs,70,b5450c91,1,1
193,Main Branch,71,3e58ca67,1,1
194,Mall Branch,71,adfeac78,1,1
195,Main Branch,72,4b3932ca,1,1
196,Main Branch,73,7a85cdec,1,1
197,Uptown,73,6b80deb6,1,1
198,Old Town,73,ebddb769,1,1
199,Suburbs,73,e22f5b86,1,1
200,North,73,be183406,1,1
201,Business District,73,4ef46b5e,1,1
202,Beachfront,73,d6af5aa0,1,1
203,Central,73,7046c8f1,1,1
204,Main Branch,74,dd78e0c7,1,1
205,Market,74,e87f057b,1,1
206,Beachfront,74,9fcd47e5,1,1
207,Main Branch,75,3db8a792,1,1
208,Airport,75,ee982169,1,1
209,Main Branch,76,25bceefd,1,1
210,Main Branch,77,0f18b43b,1,1
211,Main Branch,78,0456d5c8,1,1
212,Main Branch,79,32d27214,1,1
213,Old Town,79,7fb53200,1,1
214,Business District,79,28b88b63,1,1
215,Main Branch,80,6bf7ebd6,1,1
216,Main Branch,81,2589aa97,1,1
217,Midtown,81,59ef2369,1,1
218,Central,81,ae03ac6c,1,1
219,Main Branch,82,d46ba3f0,1,1
220,Airport,82,ac25aeed,1,1
221,Downtown,82,66bf94c1,1,1
222,West,82,ce9e56bb,1,1
223,University,82,5667073b,1,1
224,Main Branch,83,e0f3e93b,1,1
225,South,83,c125f9fa,1,1
226,Main Branch,84,8a0828b6,1,1
227,Beachfront,84,5521c73f,1,1
228,Market,84,08b9a504,1,1
229,Main Branch,85,47c0ffc4,1,1
230,City Center,85,89a9a9db,1,1
231,Main Branch,86,4c386145,1,1
232,East,86,9ed5b40c,1,1
233,Uptown,86,910d67c7,1,1
234,Beachfront,86,a43461f2,1,1
235,Main Branch,87,5a086528,1,1
236,Beachfront,87,639338fa,1,1
237,Downtown,87,5f8bebaf,1,1
238,Old Town,87,7c6407b9,1,1
239,Mall Branch,87,8079987b,1,1
240,Uptown,87,68184c4c,1,1
241,North,87,40aed40d,1,1
242,Main Branch,88,7522e1e2,1,1
243,Main Branch,89,e962dc66,1,1
244,Station,89,bbd93860,1,1
245,West,89,ad2f30ed,1,1
246,Main Branch,90,1c3f0bda,1,1
247,Central,90,df9ac641,1,1
248,North,90,e2f94ca3,1,1
249,Main Branch,91,e0cd6e72,1,1
250,University,91,759056eb,1,1
251,Station,91,d8c87d28,1,1
252,Main Branch,92,df16584c,1,1
253,North,92,93b6990c,1,1
254,Harbor,92,864bd91d,1,1
255,Main Branch,93,47c4ae15,1,1
256,Business District,93,095961df,1,1
257,South,93,f3827fef,1,1
258,Main Branch,94,8d56a571,1,1
259,Main Branch,95,400e34c7,1,1
260,East,95,313675f8,1,1
261,Main Branch,96,41f96442,1,1
262,Main Branch,97,e59dd668,1,1
263,Harbor,97,ac8e09b9,1,1
264,University,97,b6be543d,1,1
265,Old Town,97,cc788a31,1,1
266,City Center,97,b13b5522,1,1
267,Station,97,22a09de4,1,1
268,Main Branch,98,b65f9829,1,1
269,East,98,ba51632b,1,1
270,Main Branch,99,28893017,1,1
271,West,99,6f5976f1,1,1
272,Downtown,99,ca0304de,1,1
273,Main Branch,100,831e23e0,1,1
274,Main Branch,101,f812285c,1,1
275,University,101,a08b59c3,1,1
276,Business District,101,f848e712,1,1
277,Main Branch,102,6b2abbaf,1,1
278,Harbor,102,5dc8a3dd,1,1
279,Main Branch,103,16f9c3ba,1,1
280,East,103,88fb4286,1,1
281,Main Branch,104,6b74a0d2,1,1
282,Main Branch,105,b2b81723,1,1
283,Main Branch,106,5a1ed696,1,1
284,Airport,106,d8bbe1a3,1,1
285,Mall Branch,106,2c96dc87,1,1
286,Beachfront,106,70892674,1,1
287,East,106,392a7bc9,1,1
288,Old Town,106,ab07cb8b,1,1
289,Main Branch,107,c49d72ad,1,1
290,South,107,7ea63b08,1,1
291,West,107,51b6ba37,1,1
292,Mall Branch,107,1fd9fdf8,1,1
293,Main Branch,108,e0344159,1,1
294,Main Branch,109,4b758d68,1,1
295,University,109,823ca4db,1,1
296,Old Town,109,0b040df9,1,1
297,Midtown,109,5867ee99,1,1
298,West,109,d3661fc8,1,1
299,Main Branch,110,1b7118bc,1,1
300,Business District,110,7ee75ee8,1,1
301,Harbor,110,39faf135,1,1
302,Central,110,07971891,1,1
303,Main Branch,111,24284fb7,1,1
304,Downtown,111,f202ffd2,1,1
305,West,111,be318d6c,1,1
306,Main Branch,112,c83028a5,1,1
307,West,112,3957062d,1,1
308,Main Branch,113,02926a09,1,1
309,Airport,113,a0795283,1,1
310,Main Branch,114,66e8af53,1,1
311,West,114,ac503377,1,1
312,Main Branch,115,2ce33c9d,1,1
313,West,115,80d46438,1,1
314,Main Branch,116,fc1dcc5c,1,1
315,Main Branch,117,ee990d32,1,1
316,East,117,dd4eff31,1,1
317,South,117,7404412b,1,1
318,Downtown,117,a55fec7d,1,1
319,Main Branch,118,b6549f95,1,1
320,Midtown,118,d23313f1,1,1
321,North,118,3d7e9c65,1,1
322,Airport,118,88b52dca,1,1
323,Main Branch,119,fbe47345,1,1
324,Main Branch,120,6a6f9968,1,1
325,Business District,120,1efda54d,1,1
326,Main Branch,121,31f13111,1,1
327,Main Branch,122,cfb5426d,1,1
328,East,122,c2fe4b93,1,1
329,Old Town,122,7a8ac822,1,1
330,North,122,77646abc,1,1
331,Main Branch,123,67c069fa,1,1
332,Main Branch,124,67bed69b,1,1
333,Downtown,124,3353dbc8,1,1
334,West,124,207a49c0,1,1
335,Central,124,8f1a52fe,1,1
336,Main Branch,125,7c00ce95,1,1
337,Main Branch,126,1e0b803d,1,1
338,Central,126,8882f2fc,1,1
339,Main Branch,127,31b8f8ae,1,1
340,Downtown,127,5ba5106b,1,1
341,Main Branch,128,27dbf80d,1,1
342,Main Branch,129,3076baf7,1,1
343,Main Branch,130,8a503257,1,1
344,Beachfront,130,352049cc,1,1
345,University,130,e1a7fc83,1,1
346,Main Branch,131,a1fee2ac,1,1
347,Central,131,ebc033c6,1,1
348,Main Branch,132,ebcf094f,1,1
349,Main Branch,133,fa3b8c8a,1,1
350,Beachfront,133,80123a79,1,1
351,South,133,3f566bc0,1,1
352,West,133,9dcfea66,1,1
353,Downtown,133,6b6ac6eb,1,1
354,University,133,6bf8ce00,1,1
355,Main Branch,134,cdff3aa4,1,1
356,Mall Branch,134,2389b869,1,1
357,Main Branch,135,bd2810f0,1,1
358,Central,135,d34f2872,1,1
359,Beachfront,135,bd5f4a03,1,1
360,Main Branch,136,b3319f09,1,1
361,East,136,4da29e59,1,1
362,Main Branch,137,ae9b523b,1,1
363,Main Branch,138,7f020680,1,1
364,University,138,b577d631,1,1
365,Main Branch,139,fa6162ef,1,1
366,Station,139,71096992,1,1
367,Main Branch,140,dfb1d01b,1,1
368,Main Branch,141,34d97243,1,1
369,Main Branch,142,a8282f0f,1,1
370,Uptown,142,e78d8d48,1,1
371,Station,142,1e263c67,1,1
372,Main Branch,143,bbcca8c7,1,1
373,Business District,143,fdf86a3f,1,1
374,Airport,143,861ab27d,1,1
375,Main Branch,144,6643a1e4,1,1
376,East,144,e184f0fc,1,1
377,University,144,89d4641e,1,1
378,West,144,578570a1,1,1
379,Suburbs,144,53ea0f05,1,1
380,Main Branch,145,9653ff1a,1,1
381,Main Branch,146,0c9d3cc0,1,1
382,Market,146,c9571d56,1,1
383,Main Branch,147,ba57596e,1,1
384,Old Town,147,cb55ad02,1,1
385,Beachfront,147,d7855e2b,1,1
386,Main Branch,148,fa5aabe8,1,1
387,North,148,79faeac2,1,1
388,East,148,91e92082,1,1
389,Uptown,148,fe60fc61,1,1
390,Beachfront,148,72575c97,1,1
391,South,148,211be844,1,1
392,Old Town,148,a186ea27,1,1
393,Main Branch,149,bc74705b,1,1
394,Station,149,237e4dc4,1,1
395,Old Town,149,60feeb09,1,1
396,Main Branch,150,c4e60de0,1,1
397,Airport,150,ec352ba9,1,1
398,Beachfront,150,f358ed7c,1,1
399,Station,150,dc1c73a1,1,1
400,Main Branch,151,1021a51f,1,1
401,Midtown,151,28638d83,1,1
402,Mall Branch,151,d07bb1a6,1,1
403,South,151,c586443c,1,1
404,Main Branch,152,c8f81b05,1,1
405,Market,152,21a5be81,1,1
406,University,152,94982437,1,1
407,Central,152,43af59fe,1,1
408,Downtown,152,235db96b,1,1
409,Midtown,152,926556aa,1,1
410,Old Town,152,ecfe0345,1,1
411,Business District,152,a25525ac,1,1
412,Main Branch,153,df16a65a,1,1
413,Main Branch,154,c4d6ef45,1,1
414,Station,154,1da513d5,1,1
415,Suburbs,154,05ffdf62,1,1
416,South,154,4cf8f8d8,1,1
417,Main Branch,155,2ee20322,1,1
418,Main Branch,156,00a5ec46,1,1
419,Uptown,156,d4348f53,1,1
420,Main Branch,157,aa9ba4cc,1,1
421,Beachfront,157,b79d6e2f,1,1
422,East,157,6738e83a,1,1
423,Mall Branch,157,b83a150f,1,1
424,Main Branch,158,a7c6ab82,1,1
425,Main Branch,159,b70e224e,1,1
426,Mall Branch,159,62f386fd,1,1
427,Main Branch,160,b5396153,1,1
428,Mall Branch,160,05c92fb1,1,1
429,Midtown,160,012adab9,1,1
430,Main Branch,161,fe8e06d6,1,1
431,Main Branch,162,cdabf579,1,1
432,Midtown,162,e7f39665,1,1
433,Main Branch,163,580077ab,1,1
434,Market,163,fdd2e736,1,1
435,City Center,163,3c34ffc9,1,1
436,Old Town,163,c04a3159,1,1
437,Station,163,f953603b,1,1
438,Central,163,006b3f65,1,1
439,Harbor,163,804b7844,1,1
440,Main Branch,164,04a21d40,1,1
441,Market,164,c5a4d2f6,1,1
442,Suburbs,164,9d4b81e6,1,1
443,City Center,164,267a3bcc,1,1
444,Main Branch,165,9fbcf7ad,1,1
445,Station,165,85288c33,1,1
446,Main Branch,166,3c0e4ca0,1,1
447,Main Branch,167,b718a67b,1,1
448,Main Branch,168,23ef5872,1,1
449,Market,168,71893176,1,1
450,Main Branch,169,878b4a93,1,1
451,Airport,169,d34fc3e1,1,1
452,West,169,4164f029,1,1
453,Downtown,169,b1ee1029,1,1
454,Central,169,e6f1ca4a,1,1
455,Main Branch,170,f3b810f7,1,1
456,Main Branch,171,4d177cec,1,1
457,Main Branch,172,3906504d,1,1
458,Downtown,172,709c5a9e,1,1
459,Main Branch,173,669e0f67,1,1
460,Uptown,173,1562ef2d,1,1
461,Harbor,173,515bca6b,1,1
462,Main Branch,174,e44556fd,1,1
463,Old Town,174,e80d6e64,1,1
464,Main Branch,175,571c9c73,1,1
465,Main Branch,176,dbc8b6c2,1,1
466,South,176,dd2a50aa,1,1
467,Suburbs,176,9a322bdf,1,1
468,Business District,176,3454122d,1,1
469,Market,176,f3362d80,1,1
470,West,176,d34e635d,1,1
471,Mall Branch,176,72a9b618,1,1
472,Midtown,176,3d24cbbb,1,1
473,Main Branch,177,9046c79c,1,1
474,Market,177,e4733644,1,1
475,Suburbs,177,97854c8e,1,1
476,City Center,177,94fe9174,1,1
477,Main Branch,178,7c19d555,1,1
478,Suburbs,178,12486618,1,1
479,Main Branch,179,e9b7a2cb,1,1
480,Main Branch,180,286261ca,1,1
481,Main Branch,181,8db80571,1,1
482,East,181,7f28f1ad,1,1
483,Midtown,181,415fd464,1,1
484,Business District,181,e4004335,1,1
485,University,181,76b89126,1,1
486,Main Branch,182,d691eefc,1,1
487,Uptown,182,c0ae16b6,1,1
488,Market,182,0573f7be,1,1
489,Business District,182,2a3de6c8,1,1
490,North,182,e5f1ce4b,1,1
491,Downtown,182,8053aa1e,1,1
492,West,182,5ffb6ee0,1,1
493,University,182,c37fbd9b,1,1
494,Main Branch,183,d0232521,1,1
495,Central,183,322c2076,1,1
496,Business District,183,84b87488,1,1
497,Main Branch,184,bcda8c5b,1,1
498,West,184,22d0fa80,1,1
499,Main Branch,185,764200fd,1,1
500,Uptown,185,c4d63273,1,1
501,Business District,185,04252cc3,1,1
502,East,185,82521268,1,1
503,Main Branch,186,f9ba0cdd,1,1
504,Market,186,26d5aea5,1,1
505,Beachfront,186,e294d76f,1,1
506,Business District,186,b0da51d9,1,1
507,Suburbs,186,50576ef6,1,1
508,City Center,186,c6905081,1,1
509,Main Branch,187,4393d0fc,1,1
510,Business District,187,6822d594,1,1
511,Main Branch,188,f3454119,1,1
512,Main Branch,189,bdcd9410,1,1
513,City Center,189,287da190,1,1
514,Main Branch,190,121dc185,1,1
515,Beachfront,190,0f29647b,1,1
516,Uptown,190,7536485c,1,1
517,University,190,86b5bf71,1,1
518,Old Town,190,0cc93cca,1,1
519,Main Branch,191,720fdf94,1,1
520,North,191,ce3b5173,1,1
521,Downtown,191,e12193d4,1,1
522,Main Branch,192,fcc2ada9,1,1
523,Main Branch,193,ff880245,1,1
524,Main Branch,194,7aaa9221,1,1
525,University,194,255384f9,1,1
526,Main Branch,195,6967e70e,1,1
527,Main Branch,196,e96dc84c,1,1
528,Uptown,196,1368dba5,1,1
529,Main Branch,197,d9bf5b31,1,1
530,Midtown,197,5fc8d794,1,1
531,Main Branch,198,a46b33da,1,1
532,University,198,e0d47a25,1,1
533,Station,198,bc03aa00,1,1
534,Main Branch,199,36baf024,1,1
535,North,199,02cb1a4a,1,1
536,City Center,199,f097c059,1,1
537,Main Branch,200,997d3833,1,1
538,Airport,200,b4cabbd9,1,1
539,Main Branch,201,d3c3c23d,1,1
540,Old Town,201,fde21464,1,1
541,South,201,c6810da2,1,1
542,East,201,cf2ae070,1,1
543,Uptown,201,a71e6f5a,1,1
544,North,201,f00b3067,1,1
545,City Center,201,04212479,1,1
546,Main Branch,202,d7ce7554,1,1
547,Main Branch,203,3e8a800c,1,1
548,Main Branch,204,ad9f81f7,1,1
549,North,204,db94afd9,1,1
550,Market,204,a23abd51,1,1
551,Main Branch,205,c5c26dae,1,1
552,Beachfront,205,5eb53c0b,1,1
553,Main Branch,206,b17e7308,1,1
554,City Center,206,f9906f0f,1,1
555,Downtown,206,e93177e6,1,1
556,Suburbs,206,0ef13812,1,1
557,Main Branch,207,fe4de190,1,1
558,Main Branch,208,9a6cddf4,1,1
559,Uptown,208,4b772435,1,1
560,Midtown,208,1b6006e7,1,1
561,Harbor,208,3cf1fa29,1,1
562,Main Branch,209,b7ae2a17,1,1
563,Main Branch,210,76f7415d,1,1
564,East,210,b2df41f9,1,1
565,Main Branch,211,0181089e,1,1
566,Mall Branch,211,66655258,1,1
567,University,211,b3c917ec,1,1
568,Suburbs,211,089c7bf8,1,1
569,Uptown,211,a7440a95,1,1
570,South,211,6700a862,1,1
571,Midtown,211,d4dbd4a8,1,1
572,Main Branch,212,f7d09682,1,1
573,University,212,aad9df9e,1,1
574,Station,212,f146d5fd,1,1
575,Main Branch,213,b0dea391,1,1
576,Market,213,cb9ce47f,1,1
577,South,213,32e2e2fd,1,1
578,Main Branch,214,ac367409,1,1
579,Old Town,214,7c1f886f,1,1
580,Main Branch,215,83c57b8d,1,1
581,North,215,13dc07d7,1,1
582,Harbor,215,842104b9,1,1
583,Main Branch,216,93ceb146,1,1
584,Uptown,216,dd6d60df,1,1
585,Airport,216,4b3f75b3,1,1
586,South,216,eebb3321,1,1
587,West,216,aba67bab,1,1
588,Midtown,216,ef6ed9c7,1,1
589,Main Branch,217,05907a90,1,1
590,City Center,217,b6390628,1,1
591,South,217,7e5c9ae0,1,1
592,Main Branch,218,debe9b93,1,1
593,Business District,218,ff951989,1,1
594,Market,218,a2afb226,1,1
595,Midtown,218,82eb2e62,1,1
596,Mall Branch,218,9cf1ba8a,1,1
597,Central,218,07891791,1,1
598,Main Branch,219,7cd765de,1,1
599,Main Branch,220,7ad51346,1,1
600,Business District,220,a972d552,1,1
601,Main Branch,221,9bcad501,1,1
602,Old Town,221,898fad01,1,1
603,Station,221,03b8ee6a,1,1
604,University,221,f6917982,1,1
605,Mall Branch,221,0767ebc9,1,1
606,Airport,221,a6eb4b87,1,1
607,City Center,221,609d34df,1,1
608,West,221,b94582d9,1,1
609,Main Branch,222,98325894,1,1
610,Suburbs,222,56656903,1,1
611,Central,222,e4fd3eaa,1,1
612,Downtown,222,e2c79070,1,1
613,Main Branch,223,bd8980a8,1,1
614,Main Branch,224,9b9f101b,1,1
615,Mall Branch,224,7ff6a5b4,1,1
616,Market,224,4ae2a74d,1,1
617,Old Town,224,bafc9128,1,1
618,Main Branch,225,e747d9fa,1,1
619,Beachfront,225,e9bed560,1,1
620,North,225,8d285de2,1,1
621,Suburbs,225,6d33035e,1,1
622,Main Branch,226,a6e9d2ee,1,1
623,University,226,b3ccbead,1,1
624,Main Branch,227,1d0bfe55,1,1
625,West,227,6f12b3b6,1,1
626,City Center,227,0ccf3a47,1,1
627,Central,227,66aaf915,1,1
628,Uptown,227,9cdc6932,1,1
629,Main Branch,228,c7647b8d,1,1
630,Midtown,228,c792019a,1,1
631,Station,228,967485e9,1,1
632,Harbor,228,192fccf9,1,1
633,South,228,9d6964fc,1,1
634,Uptown,228,bc0a339c,1,1
635,West,228,c31c8dcf,1,1
636,City Center,228,39900b88,1,1
637,Main Branch,229,3c3f9c5d,1,1
638,Old Town,229,038a169d,1,1
639,Central,229,8dce2906,1,1
640,Main Branch,230,708cc05f,1,1
641,Airport,230,c8d10fb5,1,1
642,Midtown,230,e3c1a035,1,1
643,Main Branch,231,44bd5306,1,1
644,East,231,18573a35,1,1
645,Main Branch,232,7c006bf7,1,1
646,Mall Branch,232,177895ec,1,1
647,Main Branch,233,f0262b08,1,1
648,Main Branch,234,6c9aec03,1,1
649,Old Town,234,d7f4d749,1,1
650,Market,234,6ac65b57,1,1
651,Main Branch,235,d818336b,1,1
652,Suburbs,235,2c55e369,1,1
653,Midtown,235,9a06af57,1,1
654,Station,235,a018017f,1,1
655,Main Branch,236,fed29305,1,1
656,Main Branch,237,79a0a930,1,1
657,Main Branch,238,7f45e724,1,1
658,Main Branch,239,1f8ee72d,1,1
659,West,239,bb3856cb,1,1
660,Main Branch,240,94a32f4a,1,1
661,Main Branch,241,98fe4ffe,1,1
662,City Center,241,8e587665,1,1
663,Beachfront,241,43c51cf6,1,1
664,Central,241,6a7b9fbf,1,1
665,Main Branch,242,098efaa7,1,1
666,Main Branch,243,692b8aef,1,1
667,Downtown,243,c0fb3379,1,1
668,South,243,2ad99c6c,1,1
669,West,243,17e9397c,1,1
670,Main Branch,244,d488b8a9,1,1
671,Old Town,244,bbdb4ba8,1,1
672,Main Branch,245,5f65b281,1,1
673,South,245,d40956c4,1,1
674,Station,245,760c78a8,1,1
675,Uptown,245,39f02f93,1,1
676,East,245,7113d621,1,1
677,City Center,245,52980746,1,1
678,Beachfront,245,71ee2e85,1,1
679,Business District,245,2d311c36,1,1
680,Main Branch,246,4112073a,1,1
681,West,246,45d86c55,1,1
682,City Center,246,d396ab62,1,1
683,East,246,4ae4bbfa,1,1
684,Central,246,1050fbe5,1,1
685,Uptown,246,4e5e9756,1,1
686,Market,246,b3ff4f98,1,1
687,Station,246,406f6db7,1,1
688,Main Branch,247,a4e4caff,1,1
689,Market,247,3776d925,1,1
690,Main Branch,248,d4e77c9d,1,1
691,Main Branch,249,fe0eb566,1,1
692,East,249,e646f029,1,1
693,Main Branch,250,230caba2,1,1
694,Harbor,250,c634ef0d,1,1
695,University,250,7674210f,1,1
696,Station,250,23ed0afb,1,1
697,Airport,250,bb3b6d76,1,1
698,Beachfront,250,283cfbe5,1,1
699,Mall Branch,250,177ac198,1,1
700,East,250,41dbe8cf,1,1
701,Main Branch,251,0984ef37,1,1
702,East,251,5d6cc54c,1,1
703,Main Branch,252,52a455ff,1,1
704,Mall Branch,252,78416b6f,1,1
705,Main Branch,253,f9e4f593,1,1
706,Station,253,c7ebb3ce,1,1
707,Midtown,253,5e0fb1f6,1,1
708,Main Branch,254,336b8aed,1,1
709,Beachfront,254,120f867e,1,1
710,Main Branch,255,37e9fe52,1,1
711,Market,255,f30c719c,1,1
712,Main Branch,256,d8a8aa3e,1,1
713,East,256,e1b41ba8,1,1
714,Main Branch,257,78793add,1,1
715,Suburbs,257,cf72b96e,1,1
716,Midtown,257,948a7894,1,1
717,Business District,257,49ab88dc,1,1
718,Main Branch,258,de8c9612,1,1
719,Airport,258,010d240d,1,1
720,Old Town,258,39c140bc,1,1
721,West,258,ab92b867,1,1
722,Station,258,4ee0535f,1,1
723,Harbor,258,95e11909,1,1
724,Business District,258,e61f55ce,1,1
725,Main Branch,259,4ef32dd0,1,1
726,Old Town,259,72a682a5,1,1
727,Main Branch,260,05d1f25a,1,1
728,Main Branch,261,85de6bc1,1,1
729,Main Branch,262,9d344805,1,1
730,North,262,fc7bf449,1,1
731,City Center,262,05e23c7f,1,1
732,Harbor,262,318a5122,1,1
733,Market,262,22ab6397,1,1
734,Central,262,65d35290,1,1
735,Station,262,aa7a29ea,1,1
736,Suburbs,262,3849a471,1,1
737,Main Branch,263,620c02b6,1,1
738,East,263,69bd8c65,1,1
739,Beachfront,263,17cb0101,1,1
740,Main Branch,264,bec6758b,1,1
741,Main Branch,265,8154a8fc,1,1
742,Uptown,265,46274629,1,1
743,Main Branch,266,839e71ab,1,1
744,Uptown,266,2a146f2f,1,1
745,Main Branch,267,0a3737f4,1,1
746,Old Town,267,cb5c0714,1,1
747,South,267,7034737b,1,1
748,City Center,267,f44c4e48,1,1
749,Main Branch,268,1bfeb350,1,1
750,Mall Branch,268,b27d2a2a,1,1
751,Central,268,71533286,1,1
752,Business District,268,2bbf0293,1,1
753,Main Branch,269,67498792,1,1
754,Midtown,269,f02e7b3f,1,1
755,Main Branch,270,4f3a873a,1,1
756,Main Branch,271,f9f83baa,1,1
757,South,271,119918d4,1,1
758,Business District,271,b1727ed5,1,1
759,Main Branch,272,c0c8a3ec,1,1
760,Midtown,272,485ea45e,1,1
761,Harbor,272,e5f6610c,1,1
762,Market,272,05898dc1,1,1
763,Main Branch,273,827aa54b,1,1
764,Main Branch,274,5f8c6dd2,1,1
765,Main Branch,275,36c31b0a,1,1
766,City Center,275,7738a173,1,1
767,Suburbs,275,990d32b9,1,1
768,South,275,576f2c11,1,1
769,Midtown,275,3df2b9cd,1,1
770,Airport,275,9fd319b8,1,1
771,Uptown,275,91d403c0,1,1
772,Main Branch,276,78a68741,1,1
773,Station,276,5c42fe55,1,1
774,Main Branch,277,7ffa285d,1,1
775,Downtown,277,e7f2650e,1,1
776,South,277,61e5aa41,1,1
777,Airport,277,874a32de,1,1
778,Suburbs,277,c2bb0377,1,1
779,Market,277,3f34b583,1,1
780,Midtown,277,57a90502,1,1
781,Main Branch,278,bf0e1c80,1,1
782,Main Branch,279,7e6e888a,1,1
783,Main Branch,280,67b2df7b,1,1
784,Mall Branch,280,ce8eca2d,1,1
785,Main Branch,281,471fc3f2,1,1
786,Old Town,281,14097490,1,1
787,University,281,3755c680,1,1
788,South,281,9e370e38,1,1
789,West,281,754388b6,1,1
790,East,281,e1b7bbf6,1,1
791,Mall Branch,281,401ee90f,1,1
792,Main Branch,282,6f8493b7,1,1
793,Midtown,282,cdd3cecd,1,1
794,Main Branch,283,f9f4cc23,1,1
795,Station,283,1199af45,1,1
796,Main Branch,284,0b92dc97,1,1
797,West,284,d0ee4454,1,1
798,Old Town,284,afef1817,1,1
799,Mall Branch,284,38c0bc74,1,1
800,Main Branch,285,cc1f1b0a,1,1
801,Old Town,285,040d3fd2,1,1
802,Mall Branch,285,d63cb63b,1,1
803,Main Branch,286,16e5b55d,1,1
804,Main Branch,287,79aeaa1b,1,1
805,University,287,5b42fb3a,1,1
806,Central,287,3b1b84f5,1,1
807,Station,287,7d988ab1,1,1
808,Main Branch,288,3b8f74e0,1,1
809,Beachfront,288,27015d49,1,1
810,Airport,288,3fb20eff,1,1
811,Downtown,288,8b39efcb,1,1
812,Main Branch,289,01beff02,1,1
813,Main Branch,290,8a16d790,1,1
814,Main Branch,291,b27980d7,1,1
815,Main Branch,292,ba9fbfa5,1,1
816,Mall Branch,292,64d07c36,1,1
817,Main Branch,293,fa13c064,1,1
818,Central,293,576bdcf1,1,1
819,North,293,82ce042a,1,1
820,Main Branch,294,d67f6130,1,1
821,Midtown,294,a100745d,1,1
822,Main Branch,295,10e221c1,1,1
823,West,295,78cd10c8,1,1
824,Main Branch,296,fc574cec,1,1
825,University,296,887c4f46,1,1
826,Main Branch,297,3030fcb0,1,1
827,Beachfront,297,df1416ef,1,1
828,East,297,893bd2f2,1,1
829,Main Branch,298,6c4bac26,1,1
830,Main Branch,299,27f27195,1,1
831,Station,299,d7d5d34f,1,1
832,Main Branch,300,3d7393d1,1,1
833,Market,300,ec26ab57,1,1
834,East,300,ad702ec8,1,1
835,City Center,300,0fc7c0d1,1,1
836,Airport,300,06bc63d3,1,1
837,West,300,bd4f4419,1,1
838,Beachfront,300,f1cc7f96,1,1
839,Suburbs,300,9f69c048,1,1
840,Main Branch,301,fbdf4d87,1,1
841,Old Town,301,cf3d5210,1,1
842,Business District,301,55d058cc,1,1
843,Main Branch,302,e5c293d1,1,1
844,West,302,ae5b171c,1,1
845,Main Branch,303,68c56d4e,1,1
846,Mall Branch,303,117a47ad,1,1
847,Airport,303,2baee6d8,1,1
848,University,303,138c1c8d,1,1
849,Main Branch,304,312b3360,1,1
850,Midtown,304,0c97e478,1,1
851,Main Branch,305,acabd5ae,1,1
852,Midtown,305,d8b517f4,1,1
853,West,305,3666e07e,1,1
854,Main Branch,306,e33e8563,1,1
855,Main Branch,307,cdb4c006,1,1
856,City Center,307,d3d4a912,1,1
857,Airport,307,9709a8c8,1,1
858,Main Branch,308,c94e37ee,1,1
859,Station,308,5c1fae53,1,1
860,Airport,308,f8411cd5,1,1
861,Uptown,308,032b0897,1,1
862,Suburbs,308,f0d4353e,1,1
863,North,308,c7f893de,1,1
864,Main Branch,309,44adb1b5,1,1
865,Main Branch,310,eb22183c,1,1
866,West,310,168cb82c,1,1
867,University,310,5d707ff4,1,1
868,Station,310,5eb8e7a0,1,1
869,Main Branch,311,dec5107e,1,1
870,Main Branch,312,df6bbe16,1,1
871,Uptown,312,92016568,1,1
872,Station,312,ad61ca00,1,1
873,City Center,312,5f8b84a3,1,1
874,South,312,4bb96ce0,1,1
875,North,312,01ca8da7,1,1
876,University,312,fd7634a7,1,1
877,Main Branch,313,27dc0f65,1,1
878,Main Branch,314,d38a5e58,1,1
879,Harbor,314,2eb18d5d,1,1
880,Main Branch,315,a839a4ee,1,1
881,Market,315,293b3b0e,1,1
882,Main Branch,316,ec52d677,1,1
883,North,316,30a69404,1,1
884,Main Branch,317,4032563b,1,1
885,Main Branch,318,8b181ece,1,1
886,Business District,318,6b7dae89,1,1
887,Uptown,318,90baf5d2,1,1
888,Main Branch,319,16f45d8a,1,1
889,Uptown,319,eae0df08,1,1
890,University,319,286d2ec9,1,1
891,Main Branch,320,c0686e16,1,1
892,Suburbs,320,69813179,1,1
893,Main Branch,321,a563f4c0,1,1
894,Main Branch,322,82e46134,1,1
895,Main Branch,323,4bab2b90,1,1
896,Central,323,c3626a9b,1,1
897,Suburbs,323,af52643e,1,1
898,Business District,323,6173f2b7,1,1
899,Main Branch,324,8769cd6d,1,1
900,Station,324,903ac8c7,1,1
901,Main Branch,325,beae9783,1,1
902,South,325,8a130627,1,1
903,Main Branch,326,08c55aca,1,1
904,Business District,326,76591fb8,1,1
905,Main Branch,327,7bba9f65,1,1
906,West,327,00c86b09,1,1
907,Old Town,327,6f2b6971,1,1
908,East,327,bfcf6abe,1,1
909,Midtown,327,a6d19260,1,1
910,Main Branch,328,2576a5cc,1,1
911,Main Branch,329,516bc530,1,1
912,Main Branch,330,2188df2c,1,1
913,City Center,330,32c10f84,1,1
914,Main Branch,331,839a8551,1,1
915,Midtown,331,810c022b,1,1
916,Main Branch,332,bc9564e0,1,1
917,City Center,332,b8918156,1,1
918,Main Branch,333,35f78d38,1,1
919,Business District,333,06b0c5c6,1,1
920,Main Branch,334,1e2ee49b,1,1
921,Midtown,334,045f55b1,1,1
922,Central,334,c3af8a37,1,1
923,University,334,c6a22673,1,1
924,Main Branch,335,088eb842,1,1
925,West,335,f0d597aa,1,1
926,Main Branch,336,e0678a88,1,1
927,North,336,e887dc00,1,1
928,Airport,336,0e678b7f,1,1
929,Central,336,6d1080fe,1,1
930,Main Branch,337,db047f73,1,1
931,Main Branch,338,c4b8d1f6,1,1
932,Central,338,6e37ae26,1,1
933,North,338,ba0e8bcc,1,1
934,Main Branch,339,d1c481fb,1,1
935,City Center,339,3e6668ff,1,1
936,Main Branch,340,b3d7c4da,1,1
937,Main Branch,341,e28b029b,1,1
938,Midtown,341,b43dcea3,1,1
939,Main Branch,342,cebecdd0,1,1
940,Main Branch,343,1d64f622,1,1
941,North,343,d424b138,1,1
942,Market,343,9a6ea909,1,1
943,Uptown,343,310646ac,1,1
944,Main Branch,344,43a97c20,1,1
945,Suburbs,344,b9bfb369,1,1
946,Market,344,70047f3f,1,1
947,Station,344,b285f985,1,1
948,Beachfront,344,820db76c,1,1
949,North,344,fb1061e8,1,1
950,Business District,344,00a509b2,1,1
951,Main Branch,345,f668d47c,1,1
952,Main Branch,346,b29cfc3e,1,1
953,Main Branch,347,0cee99a5,1,1
954,South,347,3783856f,1,1
955,Main Branch,348,eacd373a,1,1
956,Old Town,348,39e68888,1,1
957,Central,348,4a734424,1,1
958,Main Branch,349,72fc2c46,1,1
959,Main Branch,350,19181e50,1,1
960,Beachfront,350,5891cb8b,1,1
961,Mall Branch,350,1995f2dc,1,1
962,Main Branch,351,7e0341d7,1,1
963,Main Branch,352,f0759ab3,1,1
964,Main Branch,353,8a0ac72b,1,1
965,South,353,f219cd40,1,1
966,City Center,353,f3cca57e,1,1
967,Suburbs,353,66f64558,1,1
968,Main Branch,354,6ac8a36d,1,1
969,Main Branch,355,12c5e3b5,1,1
970,Downtown,355,3278b18d,1,1
971,Harbor,355,e2cefdd7,1,1
972,Main Branch,356,69cc5b9b,1,1
973,Main Branch,357,abedb20a,1,1
974,University,357,2e8c0355,1,1
975,East,357,8c2ddab5,1,1
976,Uptown,357,77c6d8f0,1,1
977,Central,357,bf7dd049,1,1
978,Main Branch,358,75c5c0c2,1,1
979,Main Branch,359,1b57a08a,1,1
980,Main Branch,360,adb22633,1,1
981,Market,360,c8630138,1,1
982,Station,360,e583b866,1,1
983,City Center,360,623f47c0,1,1
984,Main Branch,361,888898c1,1,1
985,Main Branch,362,3e2a76b5,1,1
986,North,362,05955e4e,1,1
987,Market,362,f085aa80,1,1
988,Main Branch,363,69325fac,1,1
989,Beachfront,363,448ff1b2,1,1
990,West,363,6e67ae11,1,1
991,Main Branch,364,86b5e08d,1,1
992,Main Branch,365,53036436,1,1
993,Main Branch,366,c3b50c18,1,1
994,Harbor,366,230939d5,1,1
995,Main Branch,367,52c50a2c,1,1
996,Main Branch,368,07be800b,1,1
997,Main Branch,369,b5b8c114,1,1
998,Uptown,369,79c1b0bf,1,1
999,South,369,d74490a6,1,1
1000,Station,369,ad134d0d,1,1
1001,Old Town,369,16988346,1,1
1002,East,369,ad68af63,1,1
1003,Main Branch,370,59e45cff,1,1
1004,Uptown,370,022c121e,1,1
1005,South,370,7afc49d4,1,1
1006,Main Branch,371,20a606fc,1,1
1007,Main Branch,372,199f2c61,1,1
1008,Mall Branch,372,3af3fb74,1,1
1009,Central,372,564402ec,1,1
1010,Station,372,dd4eed99,1,1
1011,Market,372,0bae1393,1,1
1012,West,372,cc573b58,1,1
1013,Midtown,372,2bbd4456,1,1
1014,Beachfront,372,07037ae7,1,1
1015,Main Branch,373,e64e8a14,1,1
1016,Main Branch,374,b4ae8247,1,1
1017,Main Branch,375,f39b07eb,1,1
1018,Market,375,b412367e,1,1
1019,Main Branch,376,f18f4109,1,1
1020,Old Town,376,5d02e1a2,1,1
1021,West,376,5791453d,1,1
1022,Midtown,376,38a8a474,1,1
1023,Main Branch,377,78189a9a,1,1
1024,Main Branch,378,64cccd2a,1,1
1025,Business District,378,af537d71,1,1
1026,Main Branch,379,df8b64e9,1,1
1027,Market,379,f8f7fd13,1,1
1028,Main Branch,380,c4cab92c,1,1
1029,Uptown,380,fc563d17,1,1
1030,Main Branch,381,47e881ef,1,1
1031,City Center,381,563ed70d,1,1
1032,Station,381,b86324ce,1,1
1033,South,381,d637ecca,1,1
1034,Main Branch,382,1244d4b7,1,1
1035,University,382,9fabe570,1,1
1036,Main Branch,383,efb42bdd,1,1
1037,Main Branch,384,28bd83fd,1,1
1038,Midtown,384,cf2e9340,1,1
1039,Main Branch,385,a6d3ecbc,1,1
1040,Main Branch,386,413f0709,1,1
1041,Main Branch,387,83091ddb,1,1
1042,Harbor,387,168d8a8e,1,1
1043,Market,387,65bf1318,1,1
1044,Airport,387,51351963,1,1
1045,West,387,f314cca7,1,1
1046,Beachfront,387,a4dd7307,1,1
1047,Main Branch,388,9aa6aaba,1,1
1048,Business District,388,621fb335,1,1
1049,Main Branch,389,82ecfe0a,1,1
1050,Main Branch,390,e4d8d23c,1,1
1051,Station,390,2abb35d1,1,1
1052,Midtown,390,13d1cdf0,1,1
1053,Main Branch,391,c9620007,1,1
1054,Main Branch,392,c7217e06,1,1
1055,Old Town,392,474ac688,1,1
1056,Main Branch,393,a91f6b87,1,1
1057,Main Branch,394,0c6254fa,1,1
1058,Old Town,394,2818b4cc,1,1
1059,Main Branch,395,e3fc979b,1,1
1060,Main Branch,396,5f44a49f,1,1
1061,Old Town,396,1bbef5ad,1,1
1062,North,396,ec8de909,1,1
1063,East,396,56ff4894,1,1
1064,Main Branch,397,eb6d896e,1,1
1065,Main Branch,398,d861a869,1,1
1066,Main Branch,399,25249b5a,1,1
1067,Midtown,399,f5509319,1,1
1068,East,399,f4e28984,1,1
1069,Business District,399,cb9e8c6e,1,1
1070,Main Branch,400,f9590720,1,1
1071,University,400,896c4452,1,1
1072,City Center,400,09a5a5f0,1,1
1073,Main Branch,401,df908c0c,1,1
1074,Main Branch,402,6cd9f2d9,1,1
1075,Main Branch,403,1e773204,1,1
1076,Main Branch,404,20a2300e,1,1
1077,Central,404,785f9b9b,1,1
1078,Main Branch,405,7ddc9372,1,1
1079,Main Branch,406,035db93f,1,1
1080,North,406,7b0a6a97,1,1
1081,East,406,b268eb96,1,1
1082,Market,406,b040f93d,1,1
1083,Main Branch,407,ef07146a,1,1
1084,Old Town,407,df1b7690,1,1
1085,University,407,9fdc15c0,1,1
1086,Business District,407,a43d5af4,1,1
1087,Suburbs,407,a900bc3f,1,1
1088,Harbor,407,e0517525,1,1
1089,Market,407,baa0bca5,1,1
1090,Main Branch,408,211a8088,1,1
1091,Harbor,408,2cc5f8a5,1,1
1092,Central,408,635d273a,1,1
1093,Main Branch,409,c9e91769,1,1
1094,Main Branch,410,ea04d0c9,1,1
1095,South,410,3b8b6904,1,1
1096,Main Branch,411,5c161973,1,1
1097,City Center,411,269ff08d,1,1
1098,East,411,3c15a305,1,1
1099,Market,411,f81f653f,1,1
1100,Downtown,411,558d29dd,1,1
1101,North,411,6e731b8d,1,1
1102,Harbor,411,f2776f18,1,1
1103,Main Branch,412,3f49937a,1,1
1104,Main Branch,413,5b4ace91,1,1
1105,Main Branch,414,53b82e56,1,1
1106,Market,414,4e928026,1,1
1107,Main Branch,415,10e94815,1,1
1108,Uptown,415,b190eb35,1,1
1109,Main Branch,416,f2997450,1,1
1110,Old Town,416,e3425a5a,1,1
1111,Uptown,416,2211f5ab,1,1
1112,Station,416,0b95cb25,1,1
1113,Main Branch,417,9b211f80,1,1
1114,South,417,32e0ad11,1,1
1115,Main Branch,418,02e0a9be,1,1
1116,West,418,b3cf9a46,1,1
1117,Downtown,418,40adf9cd,1,1
1118,Main Branch,419,d537ee1d,1,1
1119,East,419,7017ebdb,1,1
1120,Main Branch,420,fdde6caa,1,1
1121,Main Branch,421,12b85492,1,1
1122,Main Branch,422,72f00569,1,1
1123,Main Branch,423,e4a7dd8a,1,1
1124,Market,423,cf2b45d7,1,1
1125,Main Branch,424,8699a1ba,1,1
1126,Airport,424,dfd2d0e1,1,1
1127,Main Branch,425,735c394f,1,1
1128,Suburbs,425,fbc4cff7,1,1
1129,Main Branch,426,55bfcc2c,1,1
1130,South,426,acc56550,1,1
1131,Main Branch,427,49d0615f,1,1
1132,Station,427,f65590e6,1,1
1133,Main Branch,428,e7f9c970,1,1
1134,Main Branch,429,980a351c,1,1
1135,Midtown,429,956e46b6,1,1
1136,Downtown,429,2390ae88,1,1
1137,West,429,f6bdf878,1,1
1138,Airport,429,a32c80ee,1,1
1139,Main Branch,430,bfce2b3b,1,1
1140,Station,430,873ac894,1,1
1141,Main Branch,431,f0499a5a,1,1
1142,Market,431,c966d08a,1,1
1143,Downtown,431,c65c0275,1,1
1144,Business District,431,0abd4283,1,1
1145,Main Branch,432,c8d1ecb9,1,1
1146,Airport,432,bb41b2d0,1,1
1147,Mall Branch,432,1907fe67,1,1
1148,University,432,afe4c7d7,1,1
1149,Market,432,a4316b71,1,1
1150,Downtown,432,cd9656b3,1,1
1151,Main Branch,433,61e77c9a,1,1
1152,Downtown,433,283ecf89,1,1
1153,Main Branch,434,dd15972c,1,1
1154,Main Branch,435,8ec2a07b,1,1
1155,Midtown,435,3ad4a0b6,1,1
1156,Business District,435,50b451a4,1,1
1157,Old Town,435,f7c2fa10,1,1
1158,Main Branch,436,33032f06,1,1
1159,Main Branch,437,c4e68ae8,1,1
1160,Uptown,437,86e8dbb6,1,1
1161,Business District,437,21aeb789,1,1
1162,Beachfront,437,05e01072,1,1
1163,Main Branch,438,e6a279ec,1,1
1164,Airport,438,1ec200a3,1,1
1165,Main Branch,439,b5c518f1,1,1
1166,Main Branch,440,37035660,1,1
1167,Main Branch,441,03142bd0,1,1
1168,Beachfront,441,5a1ab1c4,1,1
1169,Main Branch,442,6695bb97,1,1
1170,Suburbs,442,d69fa5c0,1,1
1171,South,442,d1079084,1,1
1172,Main Branch,443,bb84c0cb,1,1
1173,Midtown,443,229c2496,1,1
1174,Business District,443,b807abfd,1,1
1175,East,443,ebc7fc8a,1,1
1176,Main Branch,444,ca5cc9dd,1,1
1177,University,444,bee06a92,1,1
1178,Market,444,5dee245a,1,1
1179,Station,444,2ce4fe65,1,1
1180,Main Branch,445,be7ad001,1,1
1181,Central,445,7cd27cfa,1,1
1182,Main Branch,446,5b9939bb,1,1
1183,Mall Branch,446,bc1459a1,1,1
1184,Business District,446,6be68dc0,1,1
1185,Uptown,446,6fc194b5,1,1
1186,Main Branch,447,a802c2ef,1,1
1187,Airport,447,6d935685,1,1
1188,Main Branch,448,222e207e,1,1
1189,Beachfront,448,4afa7ee7,1,1
1190,Main Branch,449,187942bf,1,1
1191,Station,449,d770c38f,1,1
1192,Main Branch,450,aec167d6,1,1
1193,Main Branch,451,aea5ceb1,1,1
1194,Uptown,451,c5dd436d,1,1
1195,Station,451,5bb93fa3,1,1
1196,University,451,e0f7e289,1,1
1197,Main Branch,452,e20edfaa,1,1
1198,Central,452,543067fd,1,1
1199,Airport,452,17e3e182,1,1
1200,University,452,3be7769b,1,1
1201,Main Branch,453,f41a516f,1,1
1202,Main Branch,454,37c6aafc,1,1
1203,West,454,4c70266a,1,1
1204,Main Branch,455,6b7b12f8,1,1
1205,Main Branch,456,e8f20716,1,1
1206,Main Branch,457,900ff80c,1,1
1207,Market,457,9a2f5f42,1,1
1208,Main Branch,458,986da3f2,1,1
1209,Main Branch,459,5a19fd5c,1,1
1210,Midtown,459,0369c449,1,1
1211,Business District,459,8fe6e509,1,1
1212,Old Town,459,98864213,1,1
1213,Airport,459,8f2af6bc,1,1
1214,East,459,f3b66ddc,1,1
1215,University,459,ea1f6f07,1,1
1216,Downtown,459,4e701289,1,1
1217,Main Branch,460,129ad2fa,1,1
1218,Main Branch,461,1b9c7780,1,1
1219,City Center,461,5a05330d,1,1
1220,Uptown,461,4cd23173,1,1
1221,Central,461,84903781,1,1
1222,Main Branch,462,ca9477fc,1,1
1223,Business District,462,6111f58b,1,1
1224,Main Branch,463,e30c4f47,1,1
1225,South,463,4ce7f3e5,1,1
1226,Main Branch,464,273ac7db,1,1
1227,Midtown,464,e407d701,1,1
1228,Main Branch,465,043195ab,1,1
1229,Main Branch,466,d0e64550,1,1
1230,Main Branch,467,205215ba,1,1
1231,Main Branch,468,9b95dbfe,1,1
1232,Market,468,f36d4c75,1,1
1233,Main Branch,469,a52fee9f,1,1
1234,Harbor,469,f16ff03c,1,1
1235,Uptown,469,50794a28,1,1
1236,Main Branch,470,64a589e1,1,1
1237,Main Branch,471,f4b493b5,1,1
1238,West,471,a9c3255b,1,1
1239,Main Branch,472,77049b79,1,1
1240,Main Branch,473,a84c6e66,1,1
1241,Main Branch,474,ba1a3463,1,1
1242,Station,474,a01cb277,1,1
1243,East,474,45e915a7,1,1
1244,West,474,23435f03,1,1
1245,Main Branch,475,e8cdb931,1,1
1246,East,475,c89f393a,1,1
1247,Beachfront,475,f6a93d24,1,1
1248,North,475,45cd9c9c,1,1
1249,Central,475,fd4f312f,1,1
1250,West,475,0556713f,1,1
1251,Station,475,90c8df9d,1,1
1252,South,475,9ae170a8,1,1
1253,Main Branch,476,a1c4a24f,1,1
1254,Main Branch,477,577b7245,1,1
1255,Central,477,55cf423f,1,1
1256,Main Branch,478,6e5a56f9,1,1
1257,Station,478,d342a36d,1,1
1258,Main Branch,479,fb2538b6,1,1
1259,East,479,de62a16f,1,1
1260,Main Branch,480,ea302948,1,1
1261,Main Branch,481,3b332065,1,1
1262,University,481,3c22beaf,1,1
1263,Harbor,481,767e2291,1,1
1264,West,481,226f2ed3,1,1
1265,East,481,e36de571,1,1
1266,Suburbs,481,88ab3a0c,1,1
1267,Central,481,40f2196a,1,1
1268,Main Branch,482,60f51903,1,1
1269,Midtown,482,e4d5d7ae,1,1
1270,Downtown,482,d79eee7e,1,1
1271,City Center,482,248ddbce,1,1
1272,Beachfront,482,ec877be0,1,1
1273,Main Branch,483,e5712ea5,1,1
1274,Old Town,483,111a7a3a,1,1
1275,Main Branch,484,80db7b61,1,1
1276,Main Branch,485,e5e57756,1,1
1277,Main Branch,486,e0b6a192,1,1
1278,University,486,6ac8923b,1,1
1279,Station,486,0ee6a1d9,1,1
1280,Main Branch,487,f40f71e4,1,1
1281,Airport,487,87cd7a22,1,1
1282,West,487,cf593d15,1,1
1283,Main Branch,488,64b3821e,1,1
1284,Airport,488,55719748,1,1
1285,Main Branch,489,0c08ba30,1,1
1286,Main Branch,490,c35d5103,1,1
1287,Midtown,490,2739f532,1,1
1288,Main Branch,491,6173352a,1,1
1289,Station,491,984f0e29,1,1
1290,Suburbs,491,fe8e0b7b,1,1
1291,University,491,a7f9268e,1,1
1292,Main Branch,492,61a59410,1,1
1293,Main Branch,493,ee4b9f0d,1,1
1294,West,493,cbcbc862,1,1
1295,Downtown,493,2c524edc,1,1
1296,Beachfront,493,ba43f09f,1,1
1297,Main Branch,494,179c6da5,1,1
1298,Main Branch,495,442f8953,1,1
1299,Main Branch,496,06c4f4e8,1,1
1300,Harbor,496,a42a3be9,1,1
1301,Midtown,496,fdfaa61f,1,1
1302,Main Branch,497,b463c0f4,1,1
1303,Midtown,497,9288990f,1,1
1304,Main Branch,498,2d5414ca,1,1
1305,Main Branch,499,751a091e,1,1
1306,North,499,61305baf,1,1
1307,Main Branch,500,c70906f4,1,1
1308,Beachfront,500,d0549ecb,1,1
