id,label,type,limit,business_id
1,Bronze,STAMPS_BALANCE,300,1
2,Silver,STAMPS_BALANCE,1000,1
3,Gold,MONTHLY_VISITS,5,1
4,Bronze,STAMPS_BALANCE,300,2
5,Silver,STAMPS_BALANCE,1000,2
6,Gold,MONTHLY_VISITS,5,2
7,Bronze,STAMPS_BALANCE,300,3
8,Silver,STAMPS_BALANCE,1000,3
9,Gold,MONTHLY_VISITS,5,3
10,Bronze,STAMPS_BALANCE,300,4
11,Silver,STAMPS_BALANCE,1000,4
12,Gold,MONTHLY_VISITS,5,4
13,Bronze,STAMPS_BALANCE,300,5
14,Silver,STAMPS_BALANCE,1000,5
15,Gold,MONTHLY_VISITS,5,5
16,Bronze,STAMPS_BALANCE,300,6
17,Silver,STAMPS_BALANCE,1000,6
18,Gold,MONTHLY_VISITS,5,6
19,Bronze,STAMPS_BALANCE,300,7
20,Silver,STAMPS_BALANCE,1000,7
21,Gold,MONTHLY_VISITS,5,7
22,Bronze,STAMPS_BALANCE,300,8
23,Silver,STAMPS_BALANCE,1000,8
24,Gold,MONTHLY_VISITS,5,8
25,Bronze,STAMPS_BALANCE,300,9
26,Silver,STAMPS_BALANCE,1000,9
27,Gold,MONTHLY_VISITS,5,9
28,Bronze,STAMPS_BALANCE,300,10
29,Silver,STAMPS_BALANCE,1000,10
30,Gold,MONTHLY_VISITS,5,10
31,Bronze,STAMPS_BALANCE,300,11
32,Silver,STAMPS_BALANCE,1000,11
33,Gold,MONTHLY_VISITS,5,11
34,Bronze,STAMPS_BALANCE,300,12
35,Silver,STAMPS_BALANCE,1000,12
36,Gold,MONTHLY_VISITS,5,12
37,Bronze,STAMPS_BALANCE,300,13
38,Silver,STAMPS_BALANCE,1000,13
39,Gold,MONTHLY_VISITS,5,13
40,Bronze,STAMPS_BALANCE,300,14
41,Silver,STAMPS_BALANCE,1000,14
42,Gold,MONTHLY_VISITS,5,14
43,Bronze,STAMPS_BALANCE,300,15
44,Silver,STAMPS_BALANCE,1000,15
45,Gold,MONTHLY_VISITS,5,15
46,Bronze,STAMPS_BALANCE,300,16
47,Silver,STAMPS_BALANCE,1000,16
48,Gold,MONTHLY_VISITS,5,16
49,Bronze,STAMPS_BALANCE,300,17
50,Silver,STAMPS_BALANCE,1000,17
51,Gold,MONTHLY_VISITS,5,17
52,Bronze,STAMPS_BALANCE,300,18
53,Silver,STAMPS_BALANCE,1000,18
54,Gold,MONTHLY_VISITS,5,18
55,Bronze,STAMPS_BALANCE,300,19
56,Silver,STAMPS_BALANCE,1000,19
57,Gold,MONTHLY_VISITS,5,19
58,Bronze,STAMPS_BALANCE,300,20
59,Silver,STAMPS_BALANCE,1000,20
60,Gold,MONTHLY_VISITS,5,20
61,Bronze,STAMPS_BALANCE,300,21
62,Silver,STAMPS_BALANCE,1000,21
63,Gold,MONTHLY_VISITS,5,21
64,Bronze,STAMPS_BALANCE,300,22
65,Silver,STAMPS_BALANCE,1000,22
66,Gold,MONTHLY_VISITS,5,22
67,Bronze,STAMPS_BALANCE,300,23
68,Silver,STAMPS_BALANCE,1000,23
69,Gold,MONTHLY_VISITS,5,23
70,Bronze,STAMPS_BALANCE,300,24
71,Silver,STAMPS_BALANCE,1000,24
72,Gold,MONTHLY_VISITS,5,24
73,Bronze,STAMPS_BALANCE,300,25
74,Silver,STAMPS_BALANCE,1000,25
75,Gold,MONTHLY_VISITS,5,25
76,Bronze,STAMPS_BALANCE,300,26
77,Silver,STAMPS_BALANCE,1000,26
78,Gold,MONTHLY_VISITS,5,26
79,Bronze,STAMPS_BALANCE,300,27
80,Silver,STAMPS_BALANCE,1000,27
81,Gold,MONTHLY_VISITS,5,27
82,Bronze,STAMPS_BALANCE,300,28
83,Silver,STAMPS_BALANCE,1000,28
84,Gold,MONTHLY_VISITS,5,28
85,Bronze,STAMPS_BALANCE,300,29
86,Silver,STAMPS_BALANCE,1000,29
87,Gold,MONTHLY_VISITS,5,29
88,Bronze,STAMPS_BALANCE,300,30
89,Silver,STAMPS_BALANCE,1000,30
90,Gold,MONTHLY_VISITS,5,30
91,Bronze,STAMPS_BALANCE,300,31
92,Silver,STAMPS_BALANCE,1000,31
93,Gold,MONTHLY_VISITS,5,31
94,Bronze,STAMPS_BALANCE,300,32
95,Silver,STAMPS_BALANCE,1000,32
96,Gold,MONTHLY_VISITS,5,32
97,Bronze,STAMPS_BALANCE,300,33
98,Silver,STAMPS_BALANCE,1000,33
99,Gold,MONTHLY_VISITS,5,33
100,Bronze,STAMPS_BALANCE,300,34
101,Silver,STAMPS_BALANCE,1000,34
102,Gold,MONTHLY_VISITS,5,34
103,Bronze,STAMPS_BALANCE,300,35
104,Silver,STAMPS_BALANCE,1000,35
105,Gold,MONTHLY_VISITS,5,35
106,Bronze,STAMPS_BALANCE,300,36
107,Silver,STAMPS_BALANCE,1000,36
108,Gold,MONTHLY_VISITS,5,36
109,Bronze,STAMPS_BALANCE,300,37
110,Silver,STAMPS_BALANCE,1000,37
111,Gold,MONTHLY_VISITS,5,37
112,Bronze,STAMPS_BALANCE,300,38
113,Silver,STAMPS_BALANCE,1000,38
114,Gold,MONTHLY_VISITS,5,38
115,Bronze,STAMPS_BALANCE,300,39
116,Silver,STAMPS_BALANCE,1000,39
117,Gold,MONTHLY_VISITS,5,39
118,Bronze,STAMPS_BALANCE,300,40
119,Silver,STAMPS_BALANCE,1000,40
120,Gold,MONTHLY_VISITS,5,40
121,Bronze,STAMPS_BALANCE,300,41
122,Silver,STAMPS_BALANCE,1000,41
123,Gold,MONTHLY_VISITS,5,41
124,Bronze,STAMPS_BALANCE,300,42
125,Silver,STAMPS_BALANCE,1000,42
126,Gold,MONTHLY_VISITS,5,42
127,Bronze,STAMPS_BALANCE,300,43
128,Silver,STAMPS_BALANCE,1000,43
129,Gold,MONTHLY_VISITS,5,43
130,Bronze,STAMPS_BALANCE,300,44
131,Silver,STAMPS_BALANCE,1000,44
132,Gold,MONTHLY_VISITS,5,44
133,Bronze,STAMPS_BALANCE,300,45
134,Silver,STAMPS_BALANCE,1000,45
135,Gold,MONTHLY_VISITS,5,45
136,Bronze,STAMPS_BALANCE,300,46
137,Silver,STAMPS_BALANCE,1000,46
138,Gold,MONTHLY_VISITS,5,46
139,Bronze,STAMPS_BALANCE,300,47
140,Silver,STAMPS_BALANCE,1000,47
141,Gold,MONTHLY_VISITS,5,47
142,Bronze,STAMPS_BALANCE,300,48
143,Silver,STAMPS_BALANCE,1000,48
144,Gold,MONTHLY_VISITS,5,48
145,Bronze,STAMPS_BALANCE,300,49
146,Silver,STAMPS_BALANCE,1000,49
147,Gold,MONTHLY_VISITS,5,49
148,Bronze,STAMPS_BALANCE,300,50
149,Silver,STAMPS_BALANCE,1000,50
150,Gold,MONTHLY_VISITS,5,50
151,Bronze,STAMPS_BALANCE,300,51
152,Silver,STAMPS_BALANCE,1000,51
153,Gold,MONTHLY_VISITS,5,51
154,Bronze,STAMPS_BALANCE,300,52
155,Silver,STAMPS_BALANCE,1000,52
156,Gold,MONTHLY_VISITS,5,52
157,Bronze,STAMPS_BALANCE,300,53
158,Silver,STAMPS_BALANCE,1000,53
159,Gold,MONTHLY_VISITS,5,53
160,Bronze,STAMPS_BALANCE,300,54
161,Silver,STAMPS_BALANCE,1000,54
162,Gold,MONTHLY_VISITS,5,54
163,Bronze,STAMPS_BALANCE,300,55
164,Silver,STAMPS_BALANCE,1000,55
165,Gold,MONTHLY_VISITS,5,55
166,Bronze,STAMPS_BALANCE,300,56
167,Silver,STAMPS_BALANCE,1000,56
168,Gold,MONTHLY_VISITS,5,56
169,Bronze,STAMPS_BALANCE,300,57
170,Silver,STAMPS_BALANCE,1000,57
171,Gold,MONTHLY_VISITS,5,57
172,Bronze,STAMPS_BALANCE,300,58
173,Silver,STAMPS_BALANCE,1000,58
174,Gold,MONTHLY_VISITS,5,58
175,Bronze,STAMPS_BALANCE,300,59
176,Silver,STAMPS_BALANCE,1000,59
177,Gold,MONTHLY_VISITS,5,59
178,Bronze,STAMPS_BALANCE,300,60
179,Silver,STAMPS_BALANCE,1000,60
180,Gold,MONTHLY_VISITS,5,60
181,Bronze,STAMPS_BALANCE,300,61
182,Silver,STAMPS_BALANCE,1000,61
183,Gold,MONTHLY_VISITS,5,61
184,Bronze,STAMPS_BALANCE,300,62
185,Silver,STAMPS_BALANCE,1000,62
186,Gold,MONTHLY_VISITS,5,62
187,Bronze,STAMPS_BALANCE,300,63
188,Silver,STAMPS_BALANCE,1000,63
189,Gold,MONTHLY_VISITS,5,63
190,Bronze,STAMPS_BALANCE,300,64
191,Silver,STAMPS_BALANCE,1000,64
192,Gold,MONTHLY_VISITS,5,64
193,Bronze,STAMPS_BALANCE,300,65
194,Silver,STAMPS_BALANCE,1000,65
195,Gold,MONTHLY_VISITS,5,65
196,Bronze,STAMPS_BALANCE,300,66
197,Silver,STAMPS_BALANCE,1000,66
198,Gold,MONTHLY_VISITS,5,66
199,Bronze,STAMPS_BALANCE,300,67
200,Silver,STAMPS_BALANCE,1000,67
201,Gold,MONTHLY_VISITS,5,67
202,Bronze,STAMPS_BALANCE,300,68
203,Silver,STAMPS_BALANCE,1000,68
204,Gold,MONTHLY_VISITS,5,68
205,Bronze,STAMPS_BALANCE,300,69
206,Silver,STAMPS_BALANCE,1000,69
207,Gold,MONTHLY_VISITS,5,69
208,Bronze,STAMPS_BALANCE,300,70
209,Silver,STAMPS_BALANCE,1000,70
210,Gold,MONTHLY_VISITS,5,70
211,Bronze,STAMPS_BALANCE,300,71
212,Silver,STAMPS_BALANCE,1000,71
213,Gold,MONTHLY_VISITS,5,71
214,Bronze,STAMPS_BALANCE,300,72
215,Silver,STAMPS_BALANCE,1000,72
216,Gold,MONTHLY_VISITS,5,72
217,Bronze,STAMPS_BALANCE,300,73
218,Silver,STAMPS_BALANCE,1000,73
219,Gold,MONTHLY_VISITS,5,73
220,Bronze,STAMPS_BALANCE,300,74
221,Silver,STAMPS_BALANCE,1000,74
222,Gold,MONTHLY_VISITS,5,74
223,Bronze,STAMPS_BALANCE,300,75
224,Silver,STAMPS_BALANCE,1000,75
225,Gold,MONTHLY_VISITS,5,75
226,Bronze,STAMPS_BALANCE,300,76
227,Silver,STAMPS_BALANCE,1000,76
228,Gold,MONTHLY_VISITS,5,76
229,Bronze,STAMPS_BALANCE,300,77
230,Silver,STAMPS_BALANCE,1000,77
231,Gold,MONTHLY_VISITS,5,77
232,Bronze,STAMPS_BALANCE,300,78
233,Silver,STAMPS_BALANCE,1000,78
234,Gold,MONTHLY_VISITS,5,78
235,Bronze,STAMPS_BALANCE,300,79
236,Silver,STAMPS_BALANCE,1000,79
237,Gold,MONTHLY_VISITS,5,79
238,Bronze,STAMPS_BALANCE,300,80
239,Silver,STAMPS_BALANCE,1000,80
240,Gold,MONTHLY_VISITS,5,80
241,Bronze,STAMPS_BALANCE,300,81
242,Silver,STAMPS_BALANCE,1000,81
243,Gold,MONTHLY_VISITS,5,81
244,Bronze,STAMPS_BALANCE,300,82
245,Silver,STAMPS_BALANCE,1000,82
246,Gold,MONTHLY_VISITS,5,82
247,Bronze,STAMPS_BALANCE,300,83
248,Silver,STAMPS_BALANCE,1000,83
249,Gold,MONTHLY_VISITS,5,83
250,Bronze,STAMPS_BALANCE,300,84
251,Silver,STAMPS_BALANCE,1000,84
252,Gold,MONTHLY_VISITS,5,84
253,Bronze,STAMPS_BALANCE,300,85
254,Silver,STAMPS_BALANCE,1000,85
255,Gold,MONTHLY_VISITS,5,85
256,Bronze,STAMPS_BALANCE,300,86
257,Silver,STAMPS_BALANCE,1000,86
258,Gold,MONTHLY_VISITS,5,86
259,Bronze,STAMPS_BALANCE,300,87
260,Silver,STAMPS_BALANCE,1000,87
261,Gold,MONTHLY_VISITS,5,87
262,Bronze,STAMPS_BALANCE,300,88
263,Silver,STAMPS_BALANCE,1000,88
264,Gold,MONTHLY_VISITS,5,88
265,Bronze,STAMPS_BALANCE,300,89
266,Silver,STAMPS_BALANCE,1000,89
267,Gold,MONTHLY_VISITS,5,89
268,Bronze,STAMPS_BALANCE,300,90
269,Silver,STAMPS_BALANCE,1000,90
270,Gold,MONTHLY_VISITS,5,90
271,Bronze,STAMPS_BALANCE,300,91
272,Silver,STAMPS_BALANCE,1000,91
273,Gold,MONTHLY_VISITS,5,91
274,Bronze,STAMPS_BALANCE,300,92
275,Silver,STAMPS_BALANCE,1000,92
276,Gold,MONTHLY_VISITS,5,92
277,Bronze,STAMPS_BALANCE,300,93
278,Silver,STAMPS_BALANCE,1000,93
279,Gold,MONTHLY_VISITS,5,93
280,Bronze,STAMPS_BALANCE,300,94
281,Silver,STAMPS_BALANCE,1000,94
282,Gold,MONTHLY_VISITS,5,94
283,Bronze,STAMPS_BALANCE,300,95
284,Silver,STAMPS_BALANCE,1000,95
285,Gold,MONTHLY_VISITS,5,95
286,Bronze,STAMPS_BALANCE,300,96
287,Silver,STAMPS_BALANCE,1000,96
288,Gold,MONTHLY_VISITS,5,96
289,Bronze,STAMPS_BALANCE,300,97
290,Silver,STAMPS_BALANCE,1000,97
291,Gold,MONTHLY_VISITS,5,97
292,Bronze,STAMPS_BALANCE,300,98
293,Silver,STAMPS_BALANCE,1000,98
294,Gold,MONTHLY_VISITS,5,98
295,Bronze,STAMPS_BALANCE,300,99
296,Silver,STAMPS_BALANCE,1000,99
297,Gold,MONTHLY_VISITS,5,99
298,Bronze,STAMPS_BALANCE,300,100
299,Silver,STAMPS_BALANCE,1000,100
300,Gold,MONTHLY_VISITS,5,100
301,Bronze,STAMPS_BALANCE,300,101
302,Silver,STAMPS_BALANCE,1000,101
303,Gold,MONTHLY_VISITS,5,101
304,Bronze,STAMPS_BALANCE,300,102
305,Silver,STAMPS_BALANCE,1000,102
306,Gold,MONTHLY_VISITS,5,102
307,Bronze,STAMPS_BALANCE,300,103
308,Silver,STAMPS_BALANCE,1000,103
309,Gold,MONTHLY_VISITS,5,103
310,Bronze,STAMPS_BALANCE,300,104
311,Silver,STAMPS_BALANCE,1000,104
312,Gold,MONTHLY_VISITS,5,104
313,Bronze,STAMPS_BALANCE,300,105
314,Silver,STAMPS_BALANCE,1000,105
315,Gold,MONTHLY_VISITS,5,105
316,Bronze,STAMPS_BALANCE,300,106
317,Silver,STAMPS_BALANCE,1000,106
318,Gold,MONTHLY_VISITS,5,106
319,Bronze,STAMPS_BALANCE,300,107
320,Silver,STAMPS_BALANCE,1000,107
321,Gold,MONTHLY_VISITS,5,107
322,Bronze,STAMPS_BALANCE,300,108
323,Silver,STAMPS_BALANCE,1000,108
324,Gold,MONTHLY_VISITS,5,108
325,Bronze,STAMPS_BALANCE,300,109
326,Silver,STAMPS_BALANCE,1000,109
327,Gold,MONTHLY_VISITS,5,109
328,Bronze,STAMPS_BALANCE,300,110
329,Silver,STAMPS_BALANCE,1000,110
330,Gold,MONTHLY_VISITS,5,110
331,Bronze,STAMPS_BALANCE,300,111
332,Silver,STAMPS_BALANCE,1000,111
333,Gold,MONTHLY_VISITS,5,111
334,Bronze,STAMPS_BALANCE,300,112
335,Silver,STAMPS_BALANCE,1000,112
336,Gold,MONTHLY_VISITS,5,112
337,Bronze,STAMPS_BALANCE,300,113
338,Silver,STAMPS_BALANCE,1000,113
339,Gold,MONTHLY_VISITS,5,113
340,Bronze,STAMPS_BALANCE,300,114
341,Silver,STAMPS_BALANCE,1000,114
342,Gold,MONTHLY_VISITS,5,114
343,Bronze,STAMPS_BALANCE,300,115
344,Silver,STAMPS_BALANCE,1000,115
345,Gold,MONTHLY_VISITS,5,115
346,Bronze,STAMPS_BALANCE,300,116
347,Silver,STAMPS_BALANCE,1000,116
348,Gold,MONTHLY_VISITS,5,116
349,Bronze,STAMPS_BALANCE,300,117
350,Silver,STAMPS_BALANCE,1000,117
351,Gold,MONTHLY_VISITS,5,117
352,Bronze,STAMPS_BALANCE,300,118
353,Silver,STAMPS_BALANCE,1000,118
354,Gold,MONTHLY_VISITS,5,118
355,Bronze,STAMPS_BALANCE,300,119
356,Silver,STAMPS_BALANCE,1000,119
357,Gold,MONTHLY_VISITS,5,119
358,Bronze,STAMPS_BALANCE,300,120
359,Silver,STAMPS_BALANCE,1000,120
360,Gold,MONTHLY_VISITS,5,120
361,Bronze,STAMPS_BALANCE,300,121
362,Silver,STAMPS_BALANCE,1000,121
363,Gold,MONTHLY_VISITS,5,121
364,Bronze,STAMPS_BALANCE,300,122
365,Silver,STAMPS_BALANCE,1000,122
366,Gold,MONTHLY_VISITS,5,122
367,Bronze,STAMPS_BALANCE,300,123
368,Silver,STAMPS_BALANCE,1000,123
369,Gold,MONTHLY_VISITS,5,123
370,Bronze,STAMPS_BALANCE,300,124
371,Silver,STAMPS_BALANCE,1000,124
372,Gold,MONTHLY_VISITS,5,124
373,Bronze,STAMPS_BALANCE,300,125
374,Silver,STAMPS_BALANCE,1000,125
375,Gold,MONTHLY_VISITS,5,125
376,Bronze,STAMPS_BALANCE,300,126
377,Silver,STAMPS_BALANCE,1000,126
378,Gold,MONTHLY_VISITS,5,126
379,Bronze,STAMPS_BALANCE,300,127
380,Silver,STAMPS_BALANCE,1000,127
381,Gold,MONTHLY_VISITS,5,127
382,Bronze,STAMPS_BALANCE,300,128
383,Silver,STAMPS_BALANCE,1000,128
384,Gold,MONTHLY_VISITS,5,128
385,Bronze,STAMPS_BALANCE,300,129
386,Silver,STAMPS_BALANCE,1000,129
387,Gold,MONTHLY_VISITS,5,129
388,Bronze,STAMPS_BALANCE,300,130
389,Silver,STAMPS_BALANCE,1000,130
390,Gold,MONTHLY_VISITS,5,130
391,Bronze,STAMPS_BALANCE,300,131
392,Silver,STAMPS_BALANCE,1000,131
393,Gold,MONTHLY_VISITS,5,131
394,Bronze,STAMPS_BALANCE,300,132
395,Silver,STAMPS_BALANCE,1000,132
396,Gold,MONTHLY_VISITS,5,132
397,Bronze,STAMPS_BALANCE,300,133
398,Silver,STAMPS_BALANCE,1000,133
399,Gold,MONTHLY_VISITS,5,133
400,Bronze,STAMPS_BALANCE,300,134
401,Silver,STAMPS_BALANCE,1000,134
402,Gold,MONTHLY_VISITS,5,134
403,Bronze,STAMPS_BALANCE,300,135
404,Silver,STAMPS_BALANCE,1000,135
405,Gold,MONTHLY_VISITS,5,135
406,Bronze,STAMPS_BALANCE,300,136
407,Silver,STAMPS_BALANCE,1000,136
408,Gold,MONTHLY_VISITS,5,136
409,Bronze,STAMPS_BALANCE,300,137
410,Silver,STAMPS_BALANCE,1000,137
411,Gold,MONTHLY_VISITS,5,137
412,Bronze,STAMPS_BALANCE,300,138
413,Silver,STAMPS_BALANCE,1000,138
414,Gold,MONTHLY_VISITS,5,138
415,Bronze,STAMPS_BALANCE,300,139
416,Silver,STAMPS_BALANCE,1000,139
417,Gold,MONTHLY_VISITS,5,139
418,Bronze,STAMPS_BALANCE,300,140
419,Silver,STAMPS_BALANCE,1000,140
420,Gold,MONTHLY_VISITS,5,140
421,Bronze,STAMPS_BALANCE,300,141
422,Silver,STAMPS_BALANCE,1000,141
423,Gold,MONTHLY_VISITS,5,141
424,Bronze,STAMPS_BALANCE,300,142
425,Silver,STAMPS_BALANCE,1000,142
426,Gold,MONTHLY_VISITS,5,142
427,Bronze,STAMPS_BALANCE,300,143
428,Silver,STAMPS_BALANCE,1000,143
429,Gold,MONTHLY_VISITS,5,143
430,Bronze,STAMPS_BALANCE,300,144
431,Silver,STAMPS_BALANCE,1000,144
432,Gold,MONTHLY_VISITS,5,144
433,Bronze,STAMPS_BALANCE,300,145
434,Silver,STAMPS_BALANCE,1000,145
435,Gold,MONTHLY_VISITS,5,145
436,Bronze,STAMPS_BALANCE,300,146
437,Silver,STAMPS_BALANCE,1000,146
438,Gold,MONTHLY_VISITS,5,146
439,Bronze,STAMPS_BALANCE,300,147
440,Silver,STAMPS_BALANCE,1000,147
441,Gold,MONTHLY_VISITS,5,147
442,Bronze,STAMPS_BALANCE,300,148
443,Silver,STAMPS_BALANCE,1000,148
444,Gold,MONTHLY_VISITS,5,148
445,Bronze,STAMPS_BALANCE,300,149
446,Silver,STAMPS_BALANCE,1000,149
447,Gold,MONTHLY_VISITS,5,149
448,Bronze,STAMPS_BALANCE,300,150
449,Silver,STAMPS_BALANCE,1000,150
450,Gold,MONTHLY_VISITS,5,150
451,Bronze,STAMPS_BALANCE,300,151
452,Silver,STAMPS_BALANCE,1000,151
453,Gold,MONTHLY_VISITS,5,151
454,Bronze,STAMPS_BALANCE,300,152
455,Silver,STAMPS_BALANCE,1000,152
456,Gold,MONTHLY_VISITS,5,152
457,Bronze,STAMPS_BALANCE,300,153
458,Silver,STAMPS_BALANCE,1000,153
459,Gold,MONTHLY_VISITS,5,153
460,Bronze,STAMPS_BALANCE,300,154
461,Silver,STAMPS_BALANCE,1000,154
462,Gold,MONTHLY_VISITS,5,154
463,Bronze,STAMPS_BALANCE,300,155
464,Silver,STAMPS_BALANCE,1000,155
465,Gold,MONTHLY_VISITS,5,155
466,Bronze,STAMPS_BALANCE,300,156
467,Silver,STAMPS_BALANCE,1000,156
468,Gold,MONTHLY_VISITS,5,156
469,Bronze,STAMPS_BALANCE,300,157
470,Silver,STAMPS_BALANCE,1000,157
471,Gold,MONTHLY_VISITS,5,157
472,Bronze,STAMPS_BALANCE,300,158
473,Silver,STAMPS_BALANCE,1000,158
474,Gold,MONTHLY_VISITS,5,158
475,Bronze,STAMPS_BALANCE,300,159
476,Silver,STAMPS_BALANCE,1000,159
477,Gold,MONTHLY_VISITS,5,159
478,Bronze,STAMPS_BALANCE,300,160
479,Silver,STAMPS_BALANCE,1000,160
480,Gold,MONTHLY_VISITS,5,160
481,Bronze,STAMPS_BALANCE,300,161
482,Silver,STAMPS_BALANCE,1000,161
483,Gold,MONTHLY_VISITS,5,161
484,Bronze,STAMPS_BALANCE,300,162
485,Silver,STAMPS_BALANCE,1000,162
486,Gold,MONTHLY_VISITS,5,162
487,Bronze,STAMPS_BALANCE,300,163
488,Silver,STAMPS_BALANCE,1000,163
489,Gold,MONTHLY_VISITS,5,163
490,Bronze,STAMPS_BALANCE,300,164
491,Silver,STAMPS_BALANCE,1000,164
492,Gold,MONTHLY_VISITS,5,164
493,Bronze,STAMPS_BALANCE,300,165
494,Silver,STAMPS_BALANCE,1000,165
495,Gold,MONTHLY_VISITS,5,165
496,Bronze,STAMPS_BALANCE,300,166
497,Silver,STAMPS_BALANCE,1000,166
498,Gold,MONTHLY_VISITS,5,166
499,Bronze,STAMPS_BALANCE,300,167
500,Silver,STAMPS_BALANCE,1000,167
501,Gold,MONTHLY_VISITS,5,167
502,Bronze,STAMPS_BALANCE,300,168
503,Silver,STAMPS_BALANCE,1000,168
504,Gold,MONTHLY_VISITS,5,168
505,Bronze,STAMPS_BALANCE,300,169
506,Silver,STAMPS_BALANCE,1000,169
507,Gold,MONTHLY_VISITS,5,169
508,Bronze,STAMPS_BALANCE,300,170
509,Silver,STAMPS_BALANCE,1000,170
510,Gold,MONTHLY_VISITS,5,170
511,Bronze,STAMPS_BALANCE,300,171
512,Silver,STAMPS_BALANCE,1000,171
513,Gold,MONTHLY_VISITS,5,171
514,Bronze,STAMPS_BALANCE,300,172
515,Silver,STAMPS_BALANCE,1000,172
516,Gold,MONTHLY_VISITS,5,172
517,Bronze,STAMPS_BALANCE,300,173
518,Silver,STAMPS_BALANCE,1000,173
519,Gold,MONTHLY_VISITS,5,173
520,Bronze,STAMPS_BALANCE,300,174
521,Silver,STAMPS_BALANCE,1000,174
522,Gold,MONTHLY_VISITS,5,174
523,Bronze,STAMPS_BALANCE,300,175
524,Silver,STAMPS_BALANCE,1000,175
525,Gold,MONTHLY_VISITS,5,175
526,Bronze,STAMPS_BALANCE,300,176
527,Silver,STAMPS_BALANCE,1000,176
528,Gold,MONTHLY_VISITS,5,176
529,Bronze,STAMPS_BALANCE,300,177
530,Silver,STAMPS_BALANCE,1000,177
531,Gold,MONTHLY_VISITS,5,177
532,Bronze,STAMPS_BALANCE,300,178
533,Silver,STAMPS_BALANCE,1000,178
534,Gold,MONTHLY_VISITS,5,178
535,Bronze,STAMPS_BALANCE,300,179
536,Silver,STAMPS_BALANCE,1000,179
537,Gold,MONTHLY_VISITS,5,179
538,Bronze,STAMPS_BALANCE,300,180
539,Silver,STAMPS_BALANCE,1000,180
540,Gold,MONTHLY_VISITS,5,180
541,Bronze,STAMPS_BALANCE,300,181
542,Silver,STAMPS_BALANCE,1000,181
543,Gold,MONTHLY_VISITS,5,181
544,Bronze,STAMPS_BALANCE,300,182
545,Silver,STAMPS_BALANCE,1000,182
546,Gold,MONTHLY_VISITS,5,182
547,Bronze,STAMPS_BALANCE,300,183
548,Silver,STAMPS_BALANCE,1000,183
549,Gold,MONTHLY_VISITS,5,183
550,Bronze,STAMPS_BALANCE,300,184
551,Silver,STAMPS_BALANCE,1000,184
552,Gold,MONTHLY_VISITS,5,184
553,Bronze,STAMPS_BALANCE,300,185
554,Silver,STAMPS_BALANCE,1000,185
555,Gold,MONTHLY_VISITS,5,185
556,Bronze,STAMPS_BALANCE,300,186
557,Silver,STAMPS_BALANCE,1000,186
558,Gold,MONTHLY_VISITS,5,186
559,Bronze,STAMPS_BALANCE,300,187
560,Silver,STAMPS_BALANCE,1000,187
561,Gold,MONTHLY_VISITS,5,187
562,Bronze,STAMPS_BALANCE,300,188
563,Silver,STAMPS_BALANCE,1000,188
564,Gold,MONTHLY_VISITS,5,188
565,Bronze,STAMPS_BALANCE,300,189
566,Silver,STAMPS_BALANCE,1000,189
567,Gold,MONTHLY_VISITS,5,189
568,Bronze,STAMPS_BALANCE,300,190
569,Silver,STAMPS_BALANCE,1000,190
570,Gold,MONTHLY_VISITS,5,190
571,Bronze,STAMPS_BALANCE,300,191
572,Silver,STAMPS_BALANCE,1000,191
573,Gold,MONTHLY_VISITS,5,191
574,Bronze,STAMPS_BALANCE,300,192
575,Silver,STAMPS_BALANCE,1000,192
576,Gold,MONTHLY_VISITS,5,192
577,Bronze,STAMPS_BALANCE,300,193
578,Silver,STAMPS_BALANCE,1000,193
579,Gold,MONTHLY_VISITS,5,193
580,Bronze,STAMPS_BALANCE,300,194
581,Silver,STAMPS_BALANCE,1000,194
582,Gold,MONTHLY_VISITS,5,194
583,Bronze,STAMPS_BALANCE,300,195
584,Silver,STAMPS_BALANCE,1000,195
585,Gold,MONTHLY_VISITS,5,195
586,Bronze,STAMPS_BALANCE,300,196
587,Silver,STAMPS_BALANCE,1000,196
588,Gold,MONTHLY_VISITS,5,196
589,Bronze,STAMPS_BALANCE,300,197
590,Silver,STAMPS_BALANCE,1000,197
591,Gold,MONTHLY_VISITS,5,197
592,Bronze,STAMPS_BALANCE,300,198
593,Silver,STAMPS_BALANCE,1000,198
594,Gold,MONTHLY_VISITS,5,198
595,Bronze,STAMPS_BALANCE,300,199
596,Silver,STAMPS_BALANCE,1000,199
597,Gold,MONTHLY_VISITS,5,199
598,Bronze,STAMPS_BALANCE,300,200
599,Silver,STAMPS_BALANCE,1000,200
600,Gold,MONTHLY_VISITS,5,200
601,Bronze,STAMPS_BALANCE,300,201
602,Silver,STAMPS_BALANCE,1000,201
603,Gold,MONTHLY_VISITS,5,201
604,Bronze,STAMPS_BALANCE,300,202
605,Silver,STAMPS_BALANCE,1000,202
606,Gold,MONTHLY_VISITS,5,202
607,Bronze,STAMPS_BALANCE,300,203
608,Silver,STAMPS_BALANCE,1000,203
609,Gold,MONTHLY_VISITS,5,203
610,Bronze,STAMPS_BALANCE,300,204
611,Silver,STAMPS_BALANCE,1000,204
612,Gold,MONTHLY_VISITS,5,204
613,Bronze,STAMPS_BALANCE,300,205
614,Silver,STAMPS_BALANCE,1000,205
615,Gold,MONTHLY_VISITS,5,205
616,Bronze,STAMPS_BALANCE,300,206
617,Silver,STAMPS_BALANCE,1000,206
618,Gold,MONTHLY_VISITS,5,206
619,Bronze,STAMPS_BALANCE,300,207
620,Silver,STAMPS_BALANCE,1000,207
621,Gold,MONTHLY_VISITS,5,207
622,Bronze,STAMPS_BALANCE,300,208
623,Silver,STAMPS_BALANCE,1000,208
624,Gold,MONTHLY_VISITS,5,208
625,Bronze,STAMPS_BALANCE,300,209
626,Silver,STAMPS_BALANCE,1000,209
627,Gold,MONTHLY_VISITS,5,209
628,Bronze,STAMPS_BALANCE,300,210
629,Silver,STAMPS_BALANCE,1000,210
630,Gold,MONTHLY_VISITS,5,210
631,Bronze,STAMPS_BALANCE,300,211
632,Silver,STAMPS_BALANCE,1000,211
633,Gold,MONTHLY_VISITS,5,211
634,Bronze,STAMPS_BALANCE,300,212
635,Silver,STAMPS_BALANCE,1000,212
636,Gold,MONTHLY_VISITS,5,212
637,Bronze,STAMPS_BALANCE,300,213
638,Silver,STAMPS_BALANCE,1000,213
639,Gold,MONTHLY_VISITS,5,213
640,Bronze,STAMPS_BALANCE,300,214
641,Silver,STAMPS_BALANCE,1000,214
642,Gold,MONTHLY_VISITS,5,214
643,Bronze,STAMPS_BALANCE,300,215
644,Silver,STAMPS_BALANCE,1000,215
645,Gold,MONTHLY_VISITS,5,215
646,Bronze,STAMPS_BALANCE,300,216
647,Silver,STAMPS_BALANCE,1000,216
648,Gold,MONTHLY_VISITS,5,216
649,Bronze,STAMPS_BALANCE,300,217
650,Silver,STAMPS_BALANCE,1000,217
651,Gold,MONTHLY_VISITS,5,217
652,Bronze,STAMPS_BALANCE,300,218
653,Silver,STAMPS_BALANCE,1000,218
654,Gold,MONTHLY_VISITS,5,218
655,Bronze,STAMPS_BALANCE,300,219
656,Silver,STAMPS_BALANCE,1000,219
657,Gold,MONTHLY_VISITS,5,219
658,Bronze,STAMPS_BALANCE,300,220
659,Silver,STAMPS_BALANCE,1000,220
660,Gold,MONTHLY_VISITS,5,220
661,Bronze,STAMPS_BALANCE,300,221
662,Silver,STAMPS_BALANCE,1000,221
663,Gold,MONTHLY_VISITS,5,221
664,Bronze,STAMPS_BALANCE,300,222
665,Silver,STAMPS_BALANCE,1000,222
666,Gold,MONTHLY_VISITS,5,222
667,Bronze,STAMPS_BALANCE,300,223
668,Silver,STAMPS_BALANCE,1000,223
669,Gold,MONTHLY_VISITS,5,223
670,Bronze,STAMPS_BALANCE,300,224
671,Silver,STAMPS_BALANCE,1000,224
672,Gold,MONTHLY_VISITS,5,224
673,Bronze,STAMPS_BALANCE,300,225
674,Silver,STAMPS_BALANCE,1000,225
675,Gold,MONTHLY_VISITS,5,225
676,Bronze,STAMPS_BALANCE,300,226
677,Silver,STAMPS_BALANCE,1000,226
678,Gold,MONTHLY_VISITS,5,226
679,Bronze,STAMPS_BALANCE,300,227
680,Silver,STAMPS_BALANCE,1000,227
681,Gold,MONTHLY_VISITS,5,227
682,Bronze,STAMPS_BALANCE,300,228
683,Silver,STAMPS_BALANCE,1000,228
684,Gold,MONTHLY_VISITS,5,228
685,Bronze,STAMPS_BALANCE,300,229
686,Silver,STAMPS_BALANCE,1000,229
687,Gold,MONTHLY_VISITS,5,229
688,Bronze,STAMPS_BALANCE,300,230
689,Silver,STAMPS_BALANCE,1000,230
690,Gold,MONTHLY_VISITS,5,230
691,Bronze,STAMPS_BALANCE,300,231
692,Silver,STAMPS_BALANCE,1000,231
693,Gold,MONTHLY_VISITS,5,231
694,Bronze,STAMPS_BALANCE,300,232
695,Silver,STAMPS_BALANCE,1000,232
696,Gold,MONTHLY_VISITS,5,232
697,Bronze,STAMPS_BALANCE,300,233
698,Silver,STAMPS_BALANCE,1000,233
699,Gold,MONTHLY_VISITS,5,233
700,Bronze,STAMPS_BALANCE,300,234
701,Silver,STAMPS_BALANCE,1000,234
702,Gold,MONTHLY_VISITS,5,234
703,Bronze,STAMPS_BALANCE,300,235
704,Silver,STAMPS_BALANCE,1000,235
705,Gold,MONTHLY_VISITS,5,235
706,Bronze,STAMPS_BALANCE,300,236
707,Silver,STAMPS_BALANCE,1000,236
708,Gold,MONTHLY_VISITS,5,236
709,Bronze,STAMPS_BALANCE,300,237
710,Silver,STAMPS_BALANCE,1000,237
711,Gold,MONTHLY_VISITS,5,237
712,Bronze,STAMPS_BALANCE,300,238
713,Silver,STAMPS_BALANCE,1000,238
714,Gold,MONTHLY_VISITS,5,238
715,Bronze,STAMPS_BALANCE,300,239
716,Silver,STAMPS_BALANCE,1000,239
717,Gold,MONTHLY_VISITS,5,239
718,Bronze,STAMPS_BALANCE,300,240
719,Silver,STAMPS_BALANCE,1000,240
720,Gold,MONTHLY_VISITS,5,240
721,Bronze,STAMPS_BALANCE,300,241
722,Silver,STAMPS_BALANCE,1000,241
723,Gold,MONTHLY_VISITS,5,241
724,Bronze,STAMPS_BALANCE,300,242
725,Silver,STAMPS_BALANCE,1000,242
726,Gold,MONTHLY_VISITS,5,242
727,Bronze,STAMPS_BALANCE,300,243
728,Silver,STAMPS_BALANCE,1000,243
729,Gold,MONTHLY_VISITS,5,243
730,Bronze,STAMPS_BALANCE,300,244
731,Silver,STAMPS_BALANCE,1000,244
732,Gold,MONTHLY_VISITS,5,244
733,Bronze,STAMPS_BALANCE,300,245
734,Silver,STAMPS_BALANCE,1000,245
735,Gold,MONTHLY_VISITS,5,245
736,Bronze,STAMPS_BALANCE,300,246
737,Silver,STAMPS_BALANCE,1000,246
738,Gold,MONTHLY_VISITS,5,246
739,Bronze,STAMPS_BALANCE,300,247
740,Silver,STAMPS_BALANCE,1000,247
741,Gold,MONTHLY_VISITS,5,247
742,Bronze,STAMPS_BALANCE,300,248
743,Silver,STAMPS_BALANCE,1000,248
744,Gold,MONTHLY_VISITS,5,248
745,Bronze,STAMPS_BALANCE,300,249
746,Silver,STAMPS_BALANCE,1000,249
747,Gold,MONTHLY_VISITS,5,249
748,Bronze,STAMPS_BALANCE,300,250
749,Silver,STAMPS_BALANCE,1000,250
750,Gold,MONTHLY_VISITS,5,250
751,Bronze,STAMPS_BALANCE,300,251
752,Silver,STAMPS_BALANCE,1000,251
753,Gold,MONTHLY_VISITS,5,251
754,Bronze,STAMPS_BALANCE,300,252
755,Silver,STAMPS_BALANCE,1000,252
756,Gold,MONTHLY_VISITS,5,252
757,Bronze,STAMPS_BALANCE,300,253
758,Silver,STAMPS_BALANCE,1000,253
759,Gold,MONTHLY_VISITS,5,253
760,Bronze,STAMPS_BALANCE,300,254
761,Silver,STAMPS_BALANCE,1000,254
762,Gold,MONTHLY_VISITS,5,254
763,Bronze,STAMPS_BALANCE,300,255
764,Silver,STAMPS_BALANCE,1000,255
765,Gold,MONTHLY_VISITS,5,255
766,Bronze,STAMPS_BALANCE,300,256
767,Silver,STAMPS_BALANCE,1000,256
768,Gold,MONTHLY_VISITS,5,256
769,Bronze,STAMPS_BALANCE,300,257
770,Silver,STAMPS_BALANCE,1000,257
771,Gold,MONTHLY_VISITS,5,257
772,Bronze,STAMPS_BALANCE,300,258
773,Silver,STAMPS_BALANCE,1000,258
774,Gold,MONTHLY_VISITS,5,258
775,Bronze,STAMPS_BALANCE,300,259
776,Silver,STAMPS_BALANCE,1000,259
777,Gold,MONTHLY_VISITS,5,259
778,Bronze,STAMPS_BALANCE,300,260
779,Silver,STAMPS_BALANCE,1000,260
780,Gold,MONTHLY_VISITS,5,260
781,Bronze,STAMPS_BALANCE,300,261
782,Silver,STAMPS_BALANCE,1000,261
783,Gold,MONTHLY_VISITS,5,261
784,Bronze,STAMPS_BALANCE,300,262
785,Silver,STAMPS_BALANCE,1000,262
786,Gold,MONTHLY_VISITS,5,262
787,Bronze,STAMPS_BALANCE,300,263
788,Silver,STAMPS_BALANCE,1000,263
789,Gold,MONTHLY_VISITS,5,263
790,Bronze,STAMPS_BALANCE,300,264
791,Silver,STAMPS_BALANCE,1000,264
792,Gold,MONTHLY_VISITS,5,264
793,Bronze,STAMPS_BALANCE,300,265
794,Silver,STAMPS_BALANCE,1000,265
795,Gold,MONTHLY_VISITS,5,265
796,Bronze,STAMPS_BALANCE,300,266
797,Silver,STAMPS_BALANCE,1000,266
798,Gold,MONTHLY_VISITS,5,266
799,Bronze,STAMPS_BALANCE,300,267
800,Silver,STAMPS_BALANCE,1000,267
801,Gold,MONTHLY_VISITS,5,267
802,Bronze,STAMPS_BALANCE,300,268
803,Silver,STAMPS_BALANCE,1000,268
804,Gold,MONTHLY_VISITS,5,268
805,Bronze,STAMPS_BALANCE,300,269
806,Silver,STAMPS_BALANCE,1000,269
807,Gold,MONTHLY_VISITS,5,269
808,Bronze,STAMPS_BALANCE,300,270
809,Silver,STAMPS_BALANCE,1000,270
810,Gold,MONTHLY_VISITS,5,270
811,Bronze,STAMPS_BALANCE,300,271
812,Silver,STAMPS_BALANCE,1000,271
813,Gold,MONTHLY_VISITS,5,271
814,Bronze,STAMPS_BALANCE,300,272
815,Silver,STAMPS_BALANCE,1000,272
816,Gold,MONTHLY_VISITS,5,272
817,Bronze,STAMPS_BALANCE,300,273
818,Silver,STAMPS_BALANCE,1000,273
819,Gold,MONTHLY_VISITS,5,273
820,Bronze,STAMPS_BALANCE,300,274
821,Silver,STAMPS_BALANCE,1000,274
822,Gold,MONTHLY_VISITS,5,274
823,Bronze,STAMPS_BALANCE,300,275
824,Silver,STAMPS_BALANCE,1000,275
825,Gold,MONTHLY_VISITS,5,275
826,Bronze,STAMPS_BALANCE,300,276
827,Silver,STAMPS_BALANCE,1000,276
828,Gold,MONTHLY_VISITS,5,276
829,Bronze,STAMPS_BALANCE,300,277
830,Silver,STAMPS_BALANCE,1000,277
831,Gold,MONTHLY_VISITS,5,277
832,Bronze,STAMPS_BALANCE,300,278
833,Silver,STAMPS_BALANCE,1000,278
834,Gold,MONTHLY_VISITS,5,278
835,Bronze,STAMPS_BALANCE,300,279
836,Silver,STAMPS_BALANCE,1000,279
837,Gold,MONTHLY_VISITS,5,279
838,Bronze,STAMPS_BALANCE,300,280
839,Silver,STAMPS_BALANCE,1000,280
840,Gold,MONTHLY_VISITS,5,280
841,Bronze,STAMPS_BALANCE,300,281
842,Silver,STAMPS_BALANCE,1000,281
843,Gold,MONTHLY_VISITS,5,281
844,Bronze,STAMPS_BALANCE,300,282
845,Silver,STAMPS_BALANCE,1000,282
846,Gold,MONTHLY_VISITS,5,282
847,Bronze,STAMPS_BALANCE,300,283
848,Silver,STAMPS_BALANCE,1000,283
849,Gold,MONTHLY_VISITS,5,283
850,Bronze,STAMPS_BALANCE,300,284
851,Silver,STAMPS_BALANCE,1000,284
852,Gold,MONTHLY_VISITS,5,284
853,Bronze,STAMPS_BALANCE,300,285
854,Silver,STAMPS_BALANCE,1000,285
855,Gold,MONTHLY_VISITS,5,285
856,Bronze,STAMPS_BALANCE,300,286
857,Silver,STAMPS_BALANCE,1000,286
858,Gold,MONTHLY_VISITS,5,286
859,Bronze,STAMPS_BALANCE,300,287
860,Silver,STAMPS_BALANCE,1000,287
861,Gold,MONTHLY_VISITS,5,287
862,Bronze,STAMPS_BALANCE,300,288
863,Silver,STAMPS_BALANCE,1000,288
864,Gold,MONTHLY_VISITS,5,288
865,Bronze,STAMPS_BALANCE,300,289
866,Silver,STAMPS_BALANCE,1000,289
867,Gold,MONTHLY_VISITS,5,289
868,Bronze,STAMPS_BALANCE,300,290
869,Silver,STAMPS_BALANCE,1000,290
870,Gold,MONTHLY_VISITS,5,290
871,Bronze,STAMPS_BALANCE,300,291
872,Silver,STAMPS_BALANCE,1000,291
873,Gold,MONTHLY_VISITS,5,291
874,Bronze,STAMPS_BALANCE,300,292
875,Silver,STAMPS_BALANCE,1000,292
876,Gold,MONTHLY_VISITS,5,292
877,Bronze,STAMPS_BALANCE,300,293
878,Silver,STAMPS_BALANCE,1000,293
879,Gold,MONTHLY_VISITS,5,293
880,Bronze,STAMPS_BALANCE,300,294
881,Silver,STAMPS_BALANCE,1000,294
882,Gold,MONTHLY_VISITS,5,294
883,Bronze,STAMPS_BALANCE,300,295
884,Silver,STAMPS_BALANCE,1000,295
885,Gold,MONTHLY_VISITS,5,295
886,Bronze,STAMPS_BALANCE,300,296
887,Silver,STAMPS_BALANCE,1000,296
888,Gold,MONTHLY_VISITS,5,296
889,Bronze,STAMPS_BALANCE,300,297
890,Silver,STAMPS_BALANCE,1000,297
891,Gold,MONTHLY_VISITS,5,297
892,Bronze,STAMPS_BALANCE,300,298
893,Silver,STAMPS_BALANCE,1000,298
894,Gold,MONTHLY_VISITS,5,298
895,Bronze,STAMPS_BALANCE,300,299
896,Silver,STAMPS_BALANCE,1000,299
897,Gold,MONTHLY_VISITS,5,299
898,Bronze,STAMPS_BALANCE,300,300
899,Silver,STAMPS_BALANCE,1000,300
900,Gold,MONTHLY_VISITS,5,300
901,Bronze,STAMPS_BALANCE,300,301
902,Silver,STAMPS_BALANCE,1000,301
903,Gold,MONTHLY_VISITS,5,301
904,Bronze,STAMPS_BALANCE,300,302
905,Silver,STAMPS_BALANCE,1000,302
906,Gold,MONTHLY_VISITS,5,302
907,Bronze,STAMPS_BALANCE,300,303
908,Silver,STAMPS_BALANCE,1000,303
909,Gold,MONTHLY_VISITS,5,303
910,Bronze,STAMPS_BALANCE,300,304
911,Silver,STAMPS_BALANCE,1000,304
912,Gold,MONTHLY_VISITS,5,304
913,Bronze,STAMPS_BALANCE,300,305
914,Silver,STAMPS_BALANCE,1000,305
915,Gold,MONTHLY_VISITS,5,305
916,Bronze,STAMPS_BALANCE,300,306
917,Silver,STAMPS_BALANCE,1000,306
918,Gold,MONTHLY_VISITS,5,306
919,Bronze,STAMPS_BALANCE,300,307
920,Silver,STAMPS_BALANCE,1000,307
921,Gold,MONTHLY_VISITS,5,307
922,Bronze,STAMPS_BALANCE,300,308
923,Silver,STAMPS_BALANCE,1000,308
924,Gold,MONTHLY_VISITS,5,308
925,Bronze,STAMPS_BALANCE,300,309
926,Silver,STAMPS_BALANCE,1000,309
927,Gold,MONTHLY_VISITS,5,309
928,Bronze,STAMPS_BALANCE,300,310
929,Silver,STAMPS_BALANCE,1000,310
930,Gold,MONTHLY_VISITS,5,310
931,Bronze,STAMPS_BALANCE,300,311
932,Silver,STAMPS_BALANCE,1000,311
933,Gold,MONTHLY_VISITS,5,311
934,Bronze,STAMPS_BALANCE,300,312
935,Silver,STAMPS_BALANCE,1000,312
936,Gold,MONTHLY_VISITS,5,312
937,Bronze,STAMPS_BALANCE,300,313
938,Silver,STAMPS_BALANCE,1000,313
939,Gold,MONTHLY_VISITS,5,313
940,Bronze,STAMPS_BALANCE,300,314
941,Silver,STAMPS_BALANCE,1000,314
942,Gold,MONTHLY_VISITS,5,314
943,Bronze,STAMPS_BALANCE,300,315
944,Silver,STAMPS_BALANCE,1000,315
945,Gold,MONTHLY_VISITS,5,315
946,Bronze,STAMPS_BALANCE,300,316
947,Silver,STAMPS_BALANCE,1000,316
948,Gold,MONTHLY_VISITS,5,316
949,Bronze,STAMPS_BALANCE,300,317
950,Silver,STAMPS_BALANCE,1000,317
951,Gold,MONTHLY_VISITS,5,317
952,Bronze,STAMPS_BALANCE,300,318
953,Silver,STAMPS_BALANCE,1000,318
954,Gold,MONTHLY_VISITS,5,318
955,Bronze,STAMPS_BALANCE,300,319
956,Silver,STAMPS_BALANCE,1000,319
957,Gold,MONTHLY_VISITS,5,319
958,Bronze,STAMPS_BALANCE,300,320
959,Silver,STAMPS_BALANCE,1000,320
960,Gold,MONTHLY_VISITS,5,320
961,Bronze,STAMPS_BALANCE,300,321
962,Silver,STAMPS_BALANCE,1000,321
963,Gold,MONTHLY_VISITS,5,321
964,Bronze,STAMPS_BALANCE,300,322
965,Silver,STAMPS_BALANCE,1000,322
966,Gold,MONTHLY_VISITS,5,322
967,Bronze,STAMPS_BALANCE,300,323
968,Silver,STAMPS_BALANCE,1000,323
969,Gold,MONTHLY_VISITS,5,323
970,Bronze,STAMPS_BALANCE,300,324
971,Silver,STAMPS_BALANCE,1000,324
972,Gold,MONTHLY_VISITS,5,324
973,Bronze,STAMPS_BALANCE,300,325
974,Silver,STAMPS_BALANCE,1000,325
975,Gold,MONTHLY_VISITS,5,325
976,Bronze,STAMPS_BALANCE,300,326
977,Silver,STAMPS_BALANCE,1000,326
978,Gold,MONTHLY_VISITS,5,326
979,Bronze,STAMPS_BALANCE,300,327
980,Silver,STAMPS_BALANCE,1000,327
981,Gold,MONTHLY_VISITS,5,327
982,Bronze,STAMPS_BALANCE,300,328
983,Silver,STAMPS_BALANCE,1000,328
984,Gold,MONTHLY_VISITS,5,328
985,Bronze,STAMPS_BALANCE,300,329
986,Silver,STAMPS_BALANCE,1000,329
987,Gold,MONTHLY_VISITS,5,329
988,Bronze,STAMPS_BALANCE,300,330
989,Silver,STAMPS_BALANCE,1000,330
990,Gold,MONTHLY_VISITS,5,330
991,Bronze,STAMPS_BALANCE,300,331
992,Silver,STAMPS_BALANCE,1000,331
993,Gold,MONTHLY_VISITS,5,331
994,Bronze,STAMPS_BALANCE,300,332
995,Silver,STAMPS_BALANCE,1000,332
996,Gold,MONTHLY_VISITS,5,332
997,Bronze,STAMPS_BALANCE,300,333
998,Silver,STAMPS_BALANCE,1000,333
999,Gold,MONTHLY_VISITS,5,333
1000,Bronze,STAMPS_BALANCE,300,334
1001,Silver,STAMPS_BALANCE,1000,334
1002,Gold,MONTHLY_VISITS,5,334
1003,Bronze,STAMPS_BALANCE,300,335
1004,Silver,STAMPS_BALANCE,1000,335
1005,Gold,MONTHLY_VISITS,5,335
1006,Bronze,STAMPS_BALANCE,300,336
1007,Silver,STAMPS_BALANCE,1000,336
1008,Gold,MONTHLY_VISITS,5,336
1009,Bronze,STAMPS_BALANCE,300,337
1010,Silver,STAMPS_BALANCE,1000,337
1011,Gold,MONTHLY_VISITS,5,337
1012,Bronze,STAMPS_BALANCE,300,338
1013,Silver,STAMPS_BALANCE,1000,338
1014,Gold,MONTHLY_VISITS,5,338
1015,Bronze,STAMPS_BALANCE,300,339
1016,Silver,STAMPS_BALANCE,1000,339
1017,Gold,MONTHLY_VISITS,5,339
1018,Bronze,STAMPS_BALANCE,300,340
1019,Silver,STAMPS_BALANCE,1000,340
1020,Gold,MONTHLY_VISITS,5,340
1021,Bronze,STAMPS_BALANCE,300,341
1022,Silver,STAMPS_BALANCE,1000,341
1023,Gold,MONTHLY_VISITS,5,341
1024,Bronze,STAMPS_BALANCE,300,342
1025,Silver,STAMPS_BALANCE,1000,342
1026,Gold,MONTHLY_VISITS,5,342
1027,Bronze,STAMPS_BALANCE,300,343
1028,Silver,STAMPS_BALANCE,1000,343
1029,Gold,MONTHLY_VISITS,5,343
1030,Bronze,STAMPS_BALANCE,300,344
1031,Silver,STAMPS_BALANCE,1000,344
1032,Gold,MONTHLY_VISITS,5,344
1033,Bronze,STAMPS_BALANCE,300,345
1034,Silver,STAMPS_BALANCE,1000,345
1035,Gold,MONTHLY_VISITS,5,345
1036,Bronze,STAMPS_BALANCE,300,346
1037,Silver,STAMPS_BALANCE,1000,346
1038,Gold,MONTHLY_VISITS,5,346
1039,Bronze,STAMPS_BALANCE,300,347
1040,Silver,STAMPS_BALANCE,1000,347
1041,Gold,MONTHLY_VISITS,5,347
1042,Bronze,STAMPS_BALANCE,300,348
1043,Silver,STAMPS_BALANCE,1000,348
1044,Gold,MONTHLY_VISITS,5,348
1045,Bronze,STAMPS_BALANCE,300,349
1046,Silver,STAMPS_BALANCE,1000,349
1047,Gold,MONTHLY_VISITS,5,349
1048,Bronze,STAMPS_BALANCE,300,350
1049,Silver,STAMPS_BALANCE,1000,350
1050,Gold,MONTHLY_VISITS,5,350
1051,Bronze,STAMPS_BALANCE,300,351
1052,Silver,STAMPS_BALANCE,1000,351
1053,Gold,MONTHLY_VISITS,5,351
1054,Bronze,STAMPS_BALANCE,300,352
1055,Silver,STAMPS_BALANCE,1000,352
1056,Gold,MONTHLY_VISITS,5,352
1057,Bronze,STAMPS_BALANCE,300,353
1058,Silver,STAMPS_BALANCE,1000,353
1059,Gold,MONTHLY_VISITS,5,353
1060,Bronze,STAMPS_BALANCE,300,354
1061,Silver,STAMPS_BALANCE,1000,354
1062,Gold,MONTHLY_VISITS,5,354
1063,Bronze,STAMPS_BALANCE,300,355
1064,Silver,STAMPS_BALANCE,1000,355
1065,Gold,MONTHLY_VISITS,5,355
1066,Bronze,STAMPS_BALANCE,300,356
1067,Silver,STAMPS_BALANCE,1000,356
1068,Gold,MONTHLY_VISITS,5,356
1069,Bronze,STAMPS_BALANCE,300,357
1070,Silver,STAMPS_BALANCE,1000,357
1071,Gold,MONTHLY_VISITS,5,357
1072,Bronze,STAMPS_BALANCE,300,358
1073,Silver,STAMPS_BALANCE,1000,358
1074,Gold,MONTHLY_VISITS,5,358
1075,Bronze,STAMPS_BALANCE,300,359
1076,Silver,STAMPS_BALANCE,1000,359
1077,Gold,MONTHLY_VISITS,5,359
1078,Bronze,STAMPS_BALANCE,300,360
1079,Silver,STAMPS_BALANCE,1000,360
1080,Gold,MONTHLY_VISITS,5,360
1081,Bronze,STAMPS_BALANCE,300,361
1082,Silver,STAMPS_BALANCE,1000,361
1083,Gold,MONTHLY_VISITS,5,361
1084,Bronze,STAMPS_BALANCE,300,362
1085,Silver,STAMPS_BALANCE,1000,362
1086,Gold,MONTHLY_VISITS,5,362
1087,Bronze,STAMPS_BALANCE,300,363
1088,Silver,STAMPS_BALANCE,1000,363
1089,Gold,MONTHLY_VISITS,5,363
1090,Bronze,STAMPS_BALANCE,300,364
1091,Silver,STAMPS_BALANCE,1000,364
1092,Gold,MONTHLY_VISITS,5,364
1093,Bronze,STAMPS_BALANCE,300,365
1094,Silver,STAMPS_BALANCE,1000,365
1095,Gold,MONTHLY_VISITS,5,365
1096,Bronze,STAMPS_BALANCE,300,366
1097,Silver,STAMPS_BALANCE,1000,366
1098,Gold,MONTHLY_VISITS,5,366
1099,Bronze,STAMPS_BALANCE,300,367
1100,Silver,STAMPS_BALANCE,1000,367
1101,Gold,MONTHLY_VISITS,5,367
1102,Bronze,STAMPS_BALANCE,300,368
1103,Silver,STAMPS_BALANCE,1000,368
1104,Gold,MONTHLY_VISITS,5,368
1105,Bronze,STAMPS_BALANCE,300,369
1106,Silver,STAMPS_BALANCE,1000,369
1107,Gold,MONTHLY_VISITS,5,369
1108,Bronze,STAMPS_BALANCE,300,370
1109,Silver,STAMPS_BALANCE,1000,370
1110,Gold,MONTHLY_VISITS,5,370
1111,Bronze,STAMPS_BALANCE,300,371
1112,Silver,STAMPS_BALANCE,1000,371
1113,Gold,MONTHLY_VISITS,5,371
1114,Bronze,STAMPS_BALANCE,300,372
1115,Silver,STAMPS_BALANCE,1000,372
1116,Gold,MONTHLY_VISITS,5,372
1117,Bronze,STAMPS_BALANCE,300,373
1118,Silver,STAMPS_BALANCE,1000,373
1119,Gold,MONTHLY_VISITS,5,373
1120,Bronze,STAMPS_BALANCE,300,374
1121,Silver,STAMPS_BALANCE,1000,374
1122,Gold,MONTHLY_VISITS,5,374
1123,Bronze,STAMPS_BALANCE,300,375
1124,Silver,STAMPS_BALANCE,1000,375
1125,Gold,MONTHLY_VISITS,5,375
1126,Bronze,STAMPS_BALANCE,300,376
1127,Silver,STAMPS_BALANCE,1000,376
1128,Gold,MONTHLY_VISITS,5,376
1129,Bronze,STAMPS_BALANCE,300,377
1130,Silver,STAMPS_BALANCE,1000,377
1131,Gold,MONTHLY_VISITS,5,377
1132,Bronze,STAMPS_BALANCE,300,378
1133,Silver,STAMPS_BALANCE,1000,378
1134,Gold,MONTHLY_VISITS,5,378
1135,Bronze,STAMPS_BALANCE,300,379
1136,Silver,STAMPS_BALANCE,1000,379
1137,Gold,MONTHLY_VISITS,5,379
1138,Bronze,STAMPS_BALANCE,300,380
1139,Silver,STAMPS_BALANCE,1000,380
1140,Gold,MONTHLY_VISITS,5,380
1141,Bronze,STAMPS_BALANCE,300,381
1142,Silver,STAMPS_BALANCE,1000,381
1143,Gold,MONTHLY_VISITS,5,381
1144,Bronze,STAMPS_BALANCE,300,382
1145,Silver,STAMPS_BALANCE,1000,382
1146,Gold,MONTHLY_VISITS,5,382
1147,Bronze,STAMPS_BALANCE,300,383
1148,Silver,STAMPS_BALANCE,1000,383
1149,Gold,MONTHLY_VISITS,5,383
1150,Bronze,STAMPS_BALANCE,300,384
1151,Silver,STAMPS_BALANCE,1000,384
1152,Gold,MONTHLY_VISITS,5,384
1153,Bronze,STAMPS_BALANCE,300,385
1154,Silver,STAMPS_BALANCE,1000,385
1155,Gold,MONTHLY_VISITS,5,385
1156,Bronze,STAMPS_BALANCE,300,386
1157,Silver,STAMPS_BALANCE,1000,386
1158,Gold,MONTHLY_VISITS,5,386
1159,Bronze,STAMPS_BALANCE,300,387
1160,Silver,STAMPS_BALANCE,1000,387
1161,Gold,MONTHLY_VISITS,5,387
1162,Bronze,STAMPS_BALANCE,300,388
1163,Silver,STAMPS_BALANCE,1000,388
1164,Gold,MONTHLY_VISITS,5,388
1165,Bronze,STAMPS_BALANCE,300,389
1166,Silver,STAMPS_BALANCE,1000,389
1167,Gold,MONTHLY_VISITS,5,389
1168,Bronze,STAMPS_BALANCE,300,390
1169,Silver,STAMPS_BALANCE,1000,390
1170,Gold,MONTHLY_VISITS,5,390
1171,Bronze,STAMPS_BALANCE,300,391
1172,Silver,STAMPS_BALANCE,1000,391
1173,Gold,MONTHLY_VISITS,5,391
1174,Bronze,STAMPS_BALANCE,300,392
1175,Silver,STAMPS_BALANCE,1000,392
1176,Gold,MONTHLY_VISITS,5,392
1177,Bronze,STAMPS_BALANCE,300,393
1178,Silver,STAMPS_BALANCE,1000,393
1179,Gold,MONTHLY_VISITS,5,393
1180,Bronze,STAMPS_BALANCE,300,394
1181,Silver,STAMPS_BALANCE,1000,394
1182,Gold,MONTHLY_VISITS,5,394
1183,Bronze,STAMPS_BALANCE,300,395
1184,Silver,STAMPS_BALANCE,1000,395
1185,Gold,MONTHLY_VISITS,5,395
1186,Bronze,STAMPS_BALANCE,300,396
1187,Silver,STAMPS_BALANCE,1000,396
1188,Gold,MONTHLY_VISITS,5,396
1189,Bronze,STAMPS_BALANCE,300,397
1190,Silver,STAMPS_BALANCE,1000,397
1191,Gold,MONTHLY_VISITS,5,397
1192,Bronze,STAMPS_BALANCE,300,398
1193,Silver,STAMPS_BALANCE,1000,398
1194,Gold,MONTHLY_VISITS,5,398
1195,Bronze,STAMPS_BALANCE,300,399
1196,Silver,STAMPS_BALANCE,1000,399
1197,Gold,MONTHLY_VISITS,5,399
1198,Bronze,STAMPS_BALANCE,300,400
1199,Silver,STAMPS_BALANCE,1000,400
1200,Gold,MONTHLY_VISITS,5,400
1201,Bronze,STAMPS_BALANCE,300,401
1202,Silver,STAMPS_BALANCE,1000,401
1203,Gold,MONTHLY_VISITS,5,401
1204,Bronze,STAMPS_BALANCE,300,402
1205,Silver,STAMPS_BALANCE,1000,402
1206,Gold,MONTHLY_VISITS,5,402
1207,Bronze,STAMPS_BALANCE,300,403
1208,Silver,STAMPS_BALANCE,1000,403
1209,Gold,MONTHLY_VISITS,5,403
1210,Bronze,STAMPS_BALANCE,300,404
1211,Silver,STAMPS_BALANCE,1000,404
1212,Gold,MONTHLY_VISITS,5,404
1213,Bronze,STAMPS_BALANCE,300,405
1214,Silver,STAMPS_BALANCE,1000,405
1215,Gold,MONTHLY_VISITS,5,405
1216,Bronze,STAMPS_BALANCE,300,406
1217,Silver,STAMPS_BALANCE,1000,406
1218,Gold,MONTHLY_VISITS,5,406
1219,Bronze,STAMPS_BALANCE,300,407
1220,Silver,STAMPS_BALANCE,1000,407
1221,Gold,MONTHLY_VISITS,5,407
1222,Bronze,STAMPS_BALANCE,300,408
1223,Silver,STAMPS_BALANCE,1000,408
1224,Gold,MONTHLY_VISITS,5,408
1225,Bronze,STAMPS_BALANCE,300,409
1226,Silver,STAMPS_BALANCE,1000,409
1227,Gold,MONTHLY_VISITS,5,409
1228,Bronze,STAMPS_BALANCE,300,410
1229,Silver,STAMPS_BALANCE,1000,410
1230,Gold,MONTHLY_VISITS,5,410
1231,Bronze,STAMPS_BALANCE,300,411
1232,Silver,STAMPS_BALANCE,1000,411
1233,Gold,MONTHLY_VISITS,5,411
1234,Bronze,STAMPS_BALANCE,300,412
1235,Silver,STAMPS_BALANCE,1000,412
1236,Gold,MONTHLY_VISITS,5,412
1237,Bronze,STAMPS_BALANCE,300,413
1238,Silver,STAMPS_BALANCE,1000,413
1239,Gold,MONTHLY_VISITS,5,413
1240,Bronze,STAMPS_BALANCE,300,414
1241,Silver,STAMPS_BALANCE,1000,414
1242,Gold,MONTHLY_VISITS,5,414
1243,Bronze,STAMPS_BALANCE,300,415
1244,Silver,STAMPS_BALANCE,1000,415
1245,Gold,MONTHLY_VISITS,5,415
1246,Bronze,STAMPS_BALANCE,300,416
1247,Silver,STAMPS_BALANCE,1000,416
1248,Gold,MONTHLY_VISITS,5,416
1249,Bronze,STAMPS_BALANCE,300,417
1250,Silver,STAMPS_BALANCE,1000,417
1251,Gold,MONTHLY_VISITS,5,417
1252,Bronze,STAMPS_BALANCE,300,418
1253,Silver,STAMPS_BALANCE,1000,418
1254,Gold,MONTHLY_VISITS,5,418
1255,Bronze,STAMPS_BALANCE,300,419
1256,Silver,STAMPS_BALANCE,1000,419
1257,Gold,MONTHLY_VISITS,5,419
1258,Bronze,STAMPS_BALANCE,300,420
1259,Silver,STAMPS_BALANCE,1000,420
1260,Gold,MONTHLY_VISITS,5,420
1261,Bronze,STAMPS_BALANCE,300,421
1262,Silver,STAMPS_BALANCE,1000,421
1263,Gold,MONTHLY_VISITS,5,421
1264,Bronze,STAMPS_BALANCE,300,422
1265,Silver,STAMPS_BALANCE,1000,422
1266,Gold,MONTHLY_VISITS,5,422
1267,Bronze,STAMPS_BALANCE,300,423
1268,Silver,STAMPS_BALANCE,1000,423
1269,Gold,MONTHLY_VISITS,5,423
1270,Bronze,STAMPS_BALANCE,300,424
1271,Silver,STAMPS_BALANCE,1000,424
1272,Gold,MONTHLY_VISITS,5,424
1273,Bronze,STAMPS_BALANCE,300,425
1274,Silver,STAMPS_BALANCE,1000,425
1275,Gold,MONTHLY_VISITS,5,425
1276,Bronze,STAMPS_BALANCE,300,426
1277,Silver,STAMPS_BALANCE,1000,426
1278,Gold,MONTHLY_VISITS,5,426
1279,Bronze,STAMPS_BALANCE,300,427
1280,Silver,STAMPS_BALANCE,1000,427
1281,Gold,MONTHLY_VISITS,5,427
1282,Bronze,STAMPS_BALANCE,300,428
1283,Silver,STAMPS_BALANCE,1000,428
1284,Gold,MONTHLY_VISITS,5,428
1285,Bronze,STAMPS_BALANCE,300,429
1286,Silver,STAMPS_BALANCE,1000,429
1287,Gold,MONTHLY_VISITS,5,429
1288,Bronze,STAMPS_BALANCE,300,430
1289,Silver,STAMPS_BALANCE,1000,430
1290,Gold,MONTHLY_VISITS,5,430
1291,Bronze,STAMPS_BALANCE,300,431
1292,Silver,STAMPS_BALANCE,1000,431
1293,Gold,MONTHLY_VISITS,5,431
1294,Bronze,STAMPS_BALANCE,300,432
1295,Silver,STAMPS_BALANCE,1000,432
1296,Gold,MONTHLY_VISITS,5,432
1297,Bronze,STAMPS_BALANCE,300,433
1298,Silver,STAMPS_BALANCE,1000,433
1299,Gold,MONTHLY_VISITS,5,433
1300,Bronze,STAMPS_BALANCE,300,434
1301,Silver,STAMPS_BALANCE,1000,434
1302,Gold,MONTHLY_VISITS,5,434
1303,Bronze,STAMPS_BALANCE,300,435
1304,Silver,STAMPS_BALANCE,1000,435
1305,Gold,MONTHLY_VISITS,5,435
1306,Bronze,STAMPS_BALANCE,300,436
1307,Silver,STAMPS_BALANCE,1000,436
1308,Gold,MONTHLY_VISITS,5,436
1309,Bronze,STAMPS_BALANCE,300,437
1310,Silver,STAMPS_BALANCE,1000,437
1311,Gold,MONTHLY_VISITS,5,437
1312,Bronze,STAMPS_BALANCE,300,438
1313,Silver,STAMPS_BALANCE,1000,438
1314,Gold,MONTHLY_VISITS,5,438
1315,Bronze,STAMPS_BALANCE,300,439
1316,Silver,STAMPS_BALANCE,1000,439
1317,Gold,MONTHLY_VISITS,5,439
1318,Bronze,STAMPS_BALANCE,300,440
1319,Silver,STAMPS_BALANCE,1000,440
1320,Gold,MONTHLY_VISITS,5,440
1321,Bronze,STAMPS_BALANCE,300,441
1322,Silver,STAMPS_BALANCE,1000,441
1323,Gold,MONTHLY_VISITS,5,441
1324,Bronze,STAMPS_BALANCE,300,442
1325,Silver,STAMPS_BALANCE,1000,442
1326,Gold,MONTHLY_VISITS,5,442
1327,Bronze,STAMPS_BALANCE,300,443
1328,Silver,STAMPS_BALANCE,1000,443
1329,Gold,MONTHLY_VISITS,5,443
1330,Bronze,STAMPS_BALANCE,300,444
1331,Silver,STAMPS_BALANCE,1000,444
1332,Gold,MONTHLY_VISITS,5,444
1333,Bronze,STAMPS_BALANCE,300,445
1334,Silver,STAMPS_BALANCE,1000,445
1335,Gold,MONTHLY_VISITS,5,445
1336,Bronze,STAMPS_BALANCE,300,446
1337,Silver,STAMPS_BALANCE,1000,446
1338,Gold,MONTHLY_VISITS,5,446
1339,Bronze,STAMPS_BALANCE,300,447
1340,Silver,STAMPS_BALANCE,1000,447
1341,Gold,MONTHLY_VISITS,5,447
1342,Bronze,STAMPS_BALANCE,300,448
1343,Silver,STAMPS_BALANCE,1000,448
1344,Gold,MONTHLY_VISITS,5,448
1345,Bronze,STAMPS_BALANCE,300,449
1346,Silver,STAMPS_BALANCE,1000,449
1347,Gold,MONTHLY_VISITS,5,449
1348,Bronze,STAMPS_BALANCE,300,450
1349,Silver,STAMPS_BALANCE,1000,450
1350,Gold,MONTHLY_VISITS,5,450
1351,Bronze,STAMPS_BALANCE,300,451
1352,Silver,STAMPS_BALANCE,1000,451
1353,Gold,MONTHLY_VISITS,5,451
1354,Bronze,STAMPS_BALANCE,300,452
1355,Silver,STAMPS_BALANCE,1000,452
1356,Gold,MONTHLY_VISITS,5,452
1357,Bronze,STAMPS_BALANCE,300,453
1358,Silver,STAMPS_BALANCE,1000,453
1359,Gold,MONTHLY_VISITS,5,453
1360,Bronze,STAMPS_BALANCE,300,454
1361,Silver,STAMPS_BALANCE,1000,454
1362,Gold,MONTHLY_VISITS,5,454
1363,Bronze,STAMPS_BALANCE,300,455
1364,Silver,STAMPS_BALANCE,1000,455
1365,Gold,MONTHLY_VISITS,5,455
1366,Bronze,STAMPS_BALANCE,300,456
1367,Silver,STAMPS_BALANCE,1000,456
1368,Gold,MONTHLY_VISITS,5,456
1369,Bronze,STAMPS_BALANCE,300,457
1370,Silver,STAMPS_BALANCE,1000,457
1371,Gold,MONTHLY_VISITS,5,457
1372,Bronze,STAMPS_BALANCE,300,458
1373,Silver,STAMPS_BALANCE,1000,458
1374,Gold,MONTHLY_VISITS,5,458
1375,Bronze,STAMPS_BALANCE,300,459
1376,Silver,STAMPS_BALANCE,1000,459
1377,Gold,MONTHLY_VISITS,5,459
1378,Bronze,STAMPS_BALANCE,300,460
1379,Silver,STAMPS_BALANCE,1000,460
1380,Gold,MONTHLY_VISITS,5,460
1381,Bronze,STAMPS_BALANCE,300,461
1382,Silver,STAMPS_BALANCE,1000,461
1383,Gold,MONTHLY_VISITS,5,461
1384,Bronze,STAMPS_BALANCE,300,462
1385,Silver,STAMPS_BALANCE,1000,462
1386,Gold,MONTHLY_VISITS,5,462
1387,Bronze,STAMPS_BALANCE,300,463
1388,Silver,STAMPS_BALANCE,1000,463
1389,Gold,MONTHLY_VISITS,5,463
1390,Bronze,STAMPS_BALANCE,300,464
1391,Silver,STAMPS_BALANCE,1000,464
1392,Gold,MONTHLY_VISITS,5,464
1393,Bronze,STAMPS_BALANCE,300,465
1394,Silver,STAMPS_BALANCE,1000,465
1395,Gold,MONTHLY_VISITS,5,465
1396,Bronze,STAMPS_BALANCE,300,466
1397,Silver,STAMPS_BALANCE,1000,466
1398,Gold,MONTHLY_VISITS,5,466
1399,Bronze,STAMPS_BALANCE,300,467
1400,Silver,STAMPS_BALANCE,1000,467
1401,Gold,MONTHLY_VISITS,5,467
1402,Bronze,STAMPS_BALANCE,300,468
1403,Silver,STAMPS_BALANCE,1000,468
1404,Gold,MONTHLY_VISITS,5,468
1405,Bronze,STAMPS_BALANCE,300,469
1406,Silver,STAMPS_BALANCE,1000,469
1407,Gold,MONTHLY_VISITS,5,469
1408,Bronze,STAMPS_BALANCE,300,470
1409,Silver,STAMPS_BALANCE,1000,470
1410,Gold,MONTHLY_VISITS,5,470
1411,Bronze,STAMPS_BALANCE,300,471
1412,Silver,STAMPS_BALANCE,1000,471
1413,Gold,MONTHLY_VISITS,5,471
1414,Bronze,STAMPS_BALANCE,300,472
1415,Silver,STAMPS_BALANCE,1000,472
1416,Gold,MONTHLY_VISITS,5,472
1417,Bronze,STAMPS_BALANCE,300,473
1418,Silver,STAMPS_BALANCE,1000,473
1419,Gold,MONTHLY_VISITS,5,473
1420,Bronze,STAMPS_BALANCE,300,474
1421,Silver,STAMPS_BALANCE,1000,474
1422,Gold,MONTHLY_VISITS,5,474
1423,Bronze,STAMPS_BALANCE,300,475
1424,Silver,STAMPS_BALANCE,1000,475
1425,Gold,MONTHLY_VISITS,5,475
1426,Bronze,STAMPS_BALANCE,300,476
1427,Silver,STAMPS_BALANCE,1000,476
1428,Gold,MONTHLY_VISITS,5,476
1429,Bronze,STAMPS_BALANCE,300,477
1430,Silver,STAMPS_BALANCE,1000,477
1431,Gold,MONTHLY_VISITS,5,477
1432,Bronze,STAMPS_BALANCE,300,478
1433,Silver,STAMPS_BALANCE,1000,478
1434,Gold,MONTHLY_VISITS,5,478
1435,Bronze,STAMPS_BALANCE,300,479
1436,Silver,STAMPS_BALANCE,1000,479
1437,Gold,MONTHLY_VISITS,5,479
1438,Bronze,STAMPS_BALANCE,300,480
1439,Silver,STAMPS_BALANCE,1000,480
1440,Gold,MONTHLY_VISITS,5,480
1441,Bronze,STAMPS_BALANCE,300,481
1442,Silver,STAMPS_BALANCE,1000,481
1443,Gold,MONTHLY_VISITS,5,481
1444,Bronze,STAMPS_BALANCE,300,482
1445,Silver,STAMPS_BALANCE,1000,482
1446,Gold,MONTHLY_VISITS,5,482
1447,Bronze,STAMPS_BALANCE,300,483
1448,Silver,STAMPS_BALANCE,1000,483
1449,Gold,MONTHLY_VISITS,5,483
1450,Bronze,STAMPS_BALANCE,300,484
1451,Silver,STAMPS_BALANCE,1000,484
1452,Gold,MONTHLY_VISITS,5,484
1453,Bronze,STAMPS_BALANCE,300,485
1454,Silver,STAMPS_BALANCE,1000,485
1455,Gold,MONTHLY_VISITS,5,485
1456,Bronze,STAMPS_BALANCE,300,486
1457,Silver,STAMPS_BALANCE,1000,486
1458,Gold,MONTHLY_VISITS,5,486
1459,Bronze,STAMPS_BALANCE,300,487
1460,Silver,STAMPS_BALANCE,1000,487
1461,Gold,MONTHLY_VISITS,5,487
1462,Bronze,STAMPS_BALANCE,300,488
1463,Silver,STAMPS_BALANCE,1000,488
1464,Gold,MONTHLY_VISITS,5,488
1465,Bronze,STAMPS_BALANCE,300,489
1466,Silver,STAMPS_BALANCE,1000,489
1467,Gold,MONTHLY_VISITS,5,489
1468,Bronze,STAMPS_BALANCE,300,490
1469,Silver,STAMPS_BALANCE,1000,490
1470,Gold,MONTHLY_VISITS,5,490
1471,Bronze,STAMPS_BALANCE,300,491
1472,Silver,STAMPS_BALANCE,1000,491
1473,Gold,MONTHLY_VISITS,5,491
1474,Bronze,STAMPS_BALANCE,300,492
1475,Silver,STAMPS_BALANCE,1000,492
1476,Gold,MONTHLY_VISITS,5,492
1477,Bronze,STAMPS_BALANCE,300,493
1478,Silver,STAMPS_BALANCE,1000,493
1479,Gold,MONTHLY_VISITS,5,493
1480,Bronze,STAMPS_BALANCE,300,494
1481,Silver,STAMPS_BALANCE,1000,494
1482,Gold,MONTHLY_VISITS,5,494
1483,Bronze,STAMPS_BALANCE,300,495
1484,Silver,STAMPS_BALANCE,1000,495
1485,Gold,MONTHLY_VISITS,5,495
1486,Bronze,STAMPS_BALANCE,300,496
1487,Silver,STAMPS_BALANCE,1000,496
1488,Gold,MONTHLY_VISITS,5,496
1489,Bronze,STAMPS_BALANCE,300,497
1490,Silver,STAMPS_BALANCE,1000,497
1491,Gold,MONTHLY_VISITS,5,497
1492,Bronze,STAMPS_BALANCE,300,498
1493,Silver,STAMPS_BALANCE,1000,498
1494,Gold,MONTHLY_VISITS,5,498
1495,Bronze,STAMPS_BALANCE,300,499
1496,Silver,STAMPS_BALANCE,1000,499
1497,Gold,MONTHLY_VISITS,5,499
1498,Bronze,STAMPS_BALANCE,300,500
1499,Silver,STAMPS_BALANCE,1000,500
1500,Gold,MONTHLY_VISITS,5,500
