id,token,created_at,updated_at,integration_id,business_id
1,1a9ddd08360d40638ade4fe27221fc78,2026-05-08 19:43:51.000,2026-06-25 19:43:51.000,2,18
2,41011e82b557456990bae33bda19234f,2026-05-08 19:43:51.000,2026-07-05 19:43:51.000,3,23
3,f5052f42517a48108314b0009a9a1a2c,2026-05-08 19:43:51.000,2026-07-06 19:43:51.000,2,24
4,e79346537cbc4d63b30d005bd6bf7288,2026-05-08 19:43:51.000,2026-06-03 19:43:51.000,4,27
5,70233e91652d47db95680e990b6f847e,2026-05-08 19:43:51.000,2026-06-08 19:43:51.000,3,30
6,2da8d3875ba44b4bba343da51f44cb6a,2026-05-08 19:43:51.000,2026-06-25 19:43:51.000,3,33
7,31d047decdac4c94ae476f84cfc86d98,2026-05-08 19:43:51.000,2026-06-15 19:43:51.000,2,39
8,e512c42c077d4c43b47a7b0160794b35,2026-05-08 19:43:51.000,2026-06-02 19:43:51.000,1,42
9,17bc150bbdb74c3893f4c1f6ddde8db3,2026-05-08 19:43:51.000,2026-06-16 19:43:51.000,3,45
10,c7d9b8237a404fef99feeb7c0dbe85c6,2026-05-08 19:43:51.000,2026-05-24 19:43:51.000,5,50
11,f10146f4c11e47d2bbbd5b26a6adfe5b,2026-05-08 19:43:51.000,2026-05-14 19:43:51.000,2,51
12,e2d3e1389a824baea2b1aac2aacacc20,2026-05-08 19:43:51.000,2026-06-25 19:43:51.000,2,54
13,1cc1ba014b424c53b920f33924e18f7c,2026-05-08 19:43:51.000,2026-05-28 19:43:51.000,1,62
14,70c568ac77344e058f8d8981f16762cd,2026-05-08 19:43:51.000,2026-06-15 19:43:51.000,1,63
15,2cb4077a952f48a4a311a54c4fe19251,2026-05-08 19:43:51.000,2026-05-30 19:43:51.000,2,64
16,81062c7a6694432c8126109f765ede59,2026-05-08 19:43:51.000,2026-07-04 19:43:51.000,2,66
17,bd26de3fa58c4cd389f2ea6516f51846,2026-05-08 19:43:51.000,2026-05-13 19:43:51.000,3,68
18,c3344b5cd47e401a96b298a0ec2813db,2026-05-08 19:43:51.000,2026-05-12 19:43:51.000,2,81
19,ca0083fa9dd54ed4ba27534c33ddbeda,2026-05-08 19:43:51.000,2026-05-17 19:43:51.000,3,84
20,a84f15c1197f459f922d7da81f3b5264,2026-05-08 19:43:51.000,2026-05-18 19:43:51.000,3,87
21,d9e2309cea6547d69c1fca7af6013e0e,2026-05-08 19:43:51.000,2026-06-20 19:43:51.000,3,89
22,572d3853a79e41f0b8a8f82261520ec1,2026-05-08 19:43:51.000,2026-07-06 19:43:51.000,4,91
23,9e05a67a7cff4a458451a0be1bbe793b,2026-05-08 19:43:51.000,2026-06-19 19:43:51.000,3,93
24,72025087fa994ea1bce61fa0519198f4,2026-05-08 19:43:51.000,2026-06-05 19:43:51.000,1,95
25,bd9b7767e38a4a70b81d54d8a0cc751d,2026-05-08 19:43:51.000,2026-07-03 19:43:51.000,3,99
26,d0e2ccd02b33454abf826a7ee8b4bd66,2026-05-08 19:43:51.000,2026-06-14 19:43:51.000,4,101
27,398e65c78d0c4eec98bea8e1dfb93ffd,2026-05-08 19:43:51.000,2026-06-23 19:43:51.000,2,106
28,8efff72e852248c6b4d54b2a92eeec9f,2026-05-08 19:43:51.000,2026-05-11 19:43:51.000,4,109
29,e41adf06fb674ae69272eda571d5f0b3,2026-05-08 19:43:51.000,2026-05-24 19:43:51.000,1,110
30,09dbf52c91c348c58c9338851acfb605,2026-05-08 19:43:51.000,2026-05-10 19:43:51.000,1,112
31,dc7eaa63e8874121a58c1ee7b185baf8,2026-05-08 19:43:51.000,2026-05-22 19:43:51.000,1,115
32,b3e3c45215ea4fd180059905de3d804d,2026-05-08 19:43:51.000,2026-06-30 19:43:51.000,5,116
33,179f6ac0970944f6aed3c136a062d066,2026-05-08 19:43:51.000,2026-07-04 19:43:51.000,3,117
34,cbaaf4bda8f045ff9276f6dc382003d2,2026-05-08 19:43:51.000,2026-06-14 19:43:51.000,5,120
35,199692c3d49b47148353e253b08ceb3b,2026-05-08 19:43:51.000,2026-06-24 19:43:51.000,1,122
36,fe2e37db168446a8970f403776a53ec0,2026-05-08 19:43:51.000,2026-06-20 19:43:51.000,5,126
37,cf9ce32bce6946f3bd1b2f7f0e2510c0,2026-05-08 19:43:51.000,2026-06-22 19:43:51.000,3,128
38,63a09ffbf9234a98879a219fe4105dd4,2026-05-08 19:43:51.000,2026-06-03 19:43:51.000,3,130
39,d898f7bde20149e1a1ad2ab3f617607c,2026-05-08 19:43:51.000,2026-06-01 19:43:51.000,1,136
40,319c4ba87c964a679ea39ea6a31f611b,2026-05-08 19:43:51.000,2026-06-04 19:43:51.000,3,146
41,4a38478f9a36440099b367941244dd12,2026-05-08 19:43:51.000,2026-06-01 19:43:51.000,1,147
42,e5e9378e276c4b72af746bc1e4e0cd0d,2026-05-08 19:43:51.000,2026-05-26 19:43:51.000,3,148
43,a1d1dda8615c4197a6ddce7c9ece5179,2026-05-08 19:43:51.000,2026-06-01 19:43:51.000,3,150
44,72f2b6cce00047c391bf559cde1b6c20,2026-05-08 19:43:51.000,2026-06-19 19:43:51.000,5,151
45,ea8230ecfab942bd8727b2bbc3929136,2026-05-08 19:43:51.000,2026-07-02 19:43:51.000,3,152
46,29420dd1149f427ea0b166d3942e0072,2026-05-08 19:43:51.000,2026-05-25 19:43:51.000,5,153
47,4892ab12fcd144db9757e05be910554a,2026-05-08 19:43:51.000,2026-05-15 19:43:51.000,4,157
48,29e883d6f48f4dddae5e099910c33081,2026-05-08 19:43:51.000,2026-05-18 19:43:51.000,2,158
49,1da23879f68f4e2badda874b2720ccdc,2026-05-08 19:43:51.000,2026-06-09 19:43:51.000,4,160
50,b1483797fcf3466b883e6e8f2327293c,2026-05-08 19:43:51.000,2026-05-19 19:43:51.000,1,161
51,528f489d97ed4eb4a783cbab074b5849,2026-05-08 19:43:51.000,2026-06-01 19:43:51.000,1,163
52,cd3f094ece014c1cbdd7ee49dee38565,2026-05-08 19:43:51.000,2026-05-20 19:43:51.000,3,169
53,88f42dc7a391487288ecd9965528ba55,2026-05-08 19:43:51.000,2026-05-22 19:43:51.000,2,170
54,2163bbe328194d2fa87d2a393d335f50,2026-05-08 19:43:51.000,2026-06-02 19:43:51.000,4,174
55,59354fd9da84486a8915452222524af2,2026-05-08 19:43:51.000,2026-07-07 19:43:51.000,2,179
56,6a5b3ce986044221b7aacaea081b199d,2026-05-08 19:43:51.000,2026-05-24 19:43:51.000,1,180
57,92c37e56b5c6496d95c28b9dc1fa16ea,2026-05-08 19:43:51.000,2026-06-20 19:43:51.000,5,181
58,c3d64069ecf546ae8f81d722fdabee89,2026-05-08 19:43:51.000,2026-06-04 19:43:51.000,3,185
59,e0d97d8fe8b343fc91b05aab608a3a73,2026-05-08 19:43:51.000,2026-06-08 19:43:51.000,1,187
60,b82a2ad5859f4d1dad9202d0f1159bd4,2026-05-08 19:43:51.000,2026-05-24 19:43:51.000,4,190
61,4e3133fcf5f343e5a84c6636154aa213,2026-05-08 19:43:51.000,2026-05-23 19:43:51.000,3,191
62,e913836b0c1547e5b5349324af7020e7,2026-05-08 19:43:51.000,2026-06-28 19:43:51.000,2,197
63,e9cd1244216c4a1fb5eb3a4ff0aff34c,2026-05-08 19:43:51.000,2026-06-28 19:43:51.000,3,200
64,a4c40233cfe74a44b259de8ea4d54736,2026-05-08 19:43:51.000,2026-05-28 19:43:51.000,4,204
65,607f49b327db43be9a713a6b0c536f32,2026-05-08 19:43:51.000,2026-05-22 19:43:51.000,5,206
66,356c167a2310497995527e8603fca5d5,2026-05-08 19:43:51.000,2026-05-16 19:43:51.000,3,208
67,fe8c08b1814a4d9abc1852a4c91a472e,2026-05-08 19:43:51.000,2026-07-04 19:43:51.000,2,212
68,feaeb25395644ef1a1be6e4b786795ce,2026-05-08 19:43:51.000,2026-06-20 19:43:51.000,3,213
69,38a77fd89d124b578cf71fffd7fb771b,2026-05-08 19:43:51.000,2026-06-15 19:43:51.000,3,215
70,2028b80593aa4b08abad81d94e00a2e6,2026-05-08 19:43:51.000,2026-05-21 19:43:51.000,5,216
71,1a9fdf66bd0244f3a4302c62756003a8,2026-05-08 19:43:51.000,2026-05-31 19:43:51.000,3,221
72,edd7bd45fce24efc9ce3130bfe239436,2026-05-08 19:43:51.000,2026-05-15 19:43:51.000,4,222
73,9fed35b4e9064053b6263d17a41f9158,2026-05-08 19:43:51.000,2026-05-29 19:43:51.000,5,228
74,796ab9c589bc450caf6b38948f59693a,2026-05-08 19:43:51.000,2026-06-04 19:43:51.000,2,229
75,f57bb535e1c143a889db0a4d25ee7fb4,2026-05-08 19:43:51.000,2026-06-02 19:43:51.000,5,230
76,0abe45b7d8674fc0981040be41fab520,2026-05-08 19:43:51.000,2026-06-17 19:43:51.000,4,231
77,53baee91325e474cb136008e304e7e8a,2026-05-08 19:43:51.000,2026-06-13 19:43:51.000,3,232
78,c0c6b13817e74b0b869493b8b3bd525c,2026-05-08 19:43:51.000,2026-07-07 19:43:51.000,3,234
79,aa7d1dc7021a48018fe4c902907e2f63,2026-05-08 19:43:51.000,2026-05-28 19:43:51.000,3,240
80,9a261ff98d164070a6d304b008c9e215,2026-05-08 19:43:51.000,2026-06-02 19:43:51.000,3,249
81,935813837e7b487eb9b691fefcf1778f,2026-05-08 19:43:51.000,2026-06-17 19:43:51.000,5,250
82,a49f1cdffdcb404b8b5ad170aca5c2d7,2026-05-08 19:43:51.000,2026-05-13 19:43:51.000,2,251
83,089e08163f1f40ecb14ac2dcd8cb0a3a,2026-05-08 19:43:51.000,2026-06-06 19:43:51.000,5,255
84,139574e63f1545e5b1831b79d9183d47,2026-05-08 19:43:51.000,2026-05-11 19:43:51.000,5,258
85,0230539f591147bfbac6d93aac3a6eb4,2026-05-08 19:43:51.000,2026-05-14 19:43:51.000,2,262
86,0f25d3a75bab4583b4a6f7d97a9f9a0a,2026-05-08 19:43:51.000,2026-05-22 19:43:51.000,2,266
87,129a09302f8149a895190769cbe19eb5,2026-05-08 19:43:51.000,2026-06-02 19:43:51.000,1,267
88,aa057dbac81c4a6182392978428db7f2,2026-05-08 19:43:51.000,2026-05-29 19:43:51.000,3,268
89,5bb539acf7584821b9a98fca7e73f013,2026-05-08 19:43:51.000,2026-05-17 19:43:51.000,4,270
90,d31d4524e0c34cb5bbdbf852587c6c7a,2026-05-08 19:43:51.000,2026-05-19 19:43:51.000,5,271
91,fe7fb70a8b8f4144805dc4185a2ac447,2026-05-08 19:43:51.000,2026-05-28 19:43:51.000,5,272
92,a38764b168db431cb861bc3b28b4fe2d,2026-05-08 19:43:51.000,2026-06-08 19:43:51.000,2,273
93,7867762c7baa434389993807136b9b88,2026-05-08 19:43:51.000,2026-05-27 19:43:51.000,5,277
94,7ac964817bb1468e9c415c53568f3810,2026-05-08 19:43:51.000,2026-06-18 19:43:51.000,5,281
95,6b7ff6a73ef6427aa4eb0e26f6d95415,2026-05-08 19:43:51.000,2026-06-03 19:43:51.000,5,282
96,7dac804adcba403e834dfb1cf25fed54,2026-05-08 19:43:51.000,2026-05-16 19:43:51.000,4,293
97,f23bf4704d624544bf83c403cef875f5,2026-05-08 19:43:51.000,2026-06-21 19:43:51.000,1,296
98,927af28a3c044eeb92f0597650864f1e,2026-05-08 19:43:51.000,2026-06-05 19:43:51.000,1,297
99,e27ca516993443fbb9081ed79b8ca38c,2026-05-08 19:43:51.000,2026-06-17 19:43:51.000,1,298
100,7be77b16ddc24496ba026b90d3fa1eb5,2026-05-08 19:43:51.000,2026-05-20 19:43:51.000,2,303
101,97eeb39d68ec4c13954589bf9b5ab0e9,2026-05-08 19:43:51.000,2026-05-29 19:43:51.000,5,305
102,0112ecd4602c4e268171985f483f0c4e,2026-05-08 19:43:51.000,2026-05-16 19:43:51.000,2,307
103,da7279a3b48943e6b04719aab7f46f91,2026-05-08 19:43:51.000,2026-06-25 19:43:51.000,4,308
104,a14b5f9f97454f4aa1d147a66848a692,2026-05-08 19:43:51.000,2026-05-16 19:43:51.000,5,309
105,57301f754d0f49009cc5ea0ab3e442af,2026-05-08 19:43:51.000,2026-07-05 19:43:51.000,4,314
106,689d8fce05434a9599d7747f1b9f1c88,2026-05-08 19:43:51.000,2026-05-18 19:43:51.000,1,315
107,83f5aba22c48419ea1a7a060cb03d3d2,2026-05-08 19:43:51.000,2026-06-14 19:43:51.000,4,319
108,4ac0815a60db432ea186504d2741dff6,2026-05-08 19:43:51.000,2026-06-17 19:43:51.000,3,320
109,48cf9ae81def4493a83c72cfeda48b32,2026-05-08 19:43:51.000,2026-06-18 19:43:51.000,1,321
110,127d698f492146f786b63ea6bcb5ee63,2026-05-08 19:43:51.000,2026-05-29 19:43:51.000,2,323
111,f3f5014f2c61427d967d60e572f7eced,2026-05-08 19:43:51.000,2026-06-23 19:43:51.000,1,325
112,cc6d2c9e612649818c9092cb3cf70860,2026-05-08 19:43:51.000,2026-05-16 19:43:51.000,5,327
113,b824de13d8be495c9ec23929d6d3d5b1,2026-05-08 19:43:51.000,2026-06-18 19:43:51.000,2,328
114,633c33732d494b55b51ba753024856f9,2026-05-08 19:43:51.000,2026-05-30 19:43:51.000,3,334
115,41a27ad19b5a4cf3b453b9797f2c4afb,2026-05-08 19:43:51.000,2026-06-10 19:43:51.000,4,336
116,7bf0fbb8f12b4e8f9fd0b6052f09d63e,2026-05-08 19:43:51.000,2026-05-17 19:43:51.000,3,337
117,7e28fc58e5594259b1f47ab63a8d914a,2026-05-08 19:43:51.000,2026-05-14 19:43:51.000,5,338
118,f6cfad271c8d47d0b9a8468d062537b3,2026-05-08 19:43:51.000,2026-06-19 19:43:51.000,3,343
119,af6f155017974680863331f4376ac575,2026-05-08 19:43:51.000,2026-06-06 19:43:51.000,1,344
120,109cc3f9b8aa4a54be7111f2b0ec87e5,2026-05-08 19:43:51.000,2026-07-02 19:43:51.000,4,348
121,5fbaccbd290945ae928cc538cf4f7f29,2026-05-08 19:43:51.000,2026-07-05 19:43:51.000,3,358
122,21883b4fe3be4e7e92dbc0e1e826efeb,2026-05-08 19:43:51.000,2026-07-03 19:43:51.000,5,362
123,0218a1a6ace740f588961312722b060b,2026-05-08 19:43:51.000,2026-06-03 19:43:51.000,5,363
124,833347db4df746cea4c24750f29c66b3,2026-05-08 19:43:51.000,2026-06-19 19:43:51.000,3,369
125,b3ab7fa92a784ab98ea635d5058d8780,2026-05-08 19:43:51.000,2026-05-20 19:43:51.000,1,374
126,b87633ec7dba4afeb67fbcf5039354df,2026-05-08 19:43:51.000,2026-06-17 19:43:51.000,4,376
127,de937a6aced0454d948f24e022e5d993,2026-05-08 19:43:51.000,2026-06-25 19:43:51.000,4,377
128,2e2a676338584300bf81992bc54acb77,2026-05-08 19:43:51.000,2026-06-11 19:43:51.000,3,379
129,ff2f63aed6124dbdb5746a6bff410428,2026-05-08 19:43:51.000,2026-05-15 19:43:51.000,3,381
130,b1f15ef15a1c4a70bb563f68365efa19,2026-05-08 19:43:51.000,2026-06-05 19:43:51.000,4,387
131,415e0c12767a42c0b473ded8ef6e4bb6,2026-05-08 19:43:51.000,2026-05-24 19:43:51.000,1,390
132,9139849f536a4b5b808635d7298bd559,2026-05-08 19:43:51.000,2026-06-15 19:43:51.000,4,396
133,afdf3aee6cff44139fa2740582815c8e,2026-05-08 19:43:51.000,2026-05-30 19:43:51.000,2,400
134,dbb20c74d9c2451794591cc7d5170fa2,2026-05-08 19:43:51.000,2026-06-19 19:43:51.000,5,406
135,89f1e5d9f64141dfb3916ec126972e75,2026-05-08 19:43:51.000,2026-07-07 19:43:51.000,1,408
136,9fbbddf0aedc4889be2106ac46196a7f,2026-05-08 19:43:51.000,2026-06-03 19:43:51.000,4,410
137,b2876ab97abc4f348bbd287891754be2,2026-05-08 19:43:51.000,2026-05-30 19:43:51.000,4,412
138,788b166db38f42b48b1c103ee4771d76,2026-05-08 19:43:51.000,2026-06-22 19:43:51.000,1,414
139,3ad01c492ff641a9a5b50234d4c84fee,2026-05-08 19:43:51.000,2026-05-25 19:43:51.000,2,418
140,716e0f8de5954fe4b83b474f33b6ef69,2026-05-08 19:43:51.000,2026-06-27 19:43:51.000,2,424
141,96887ca2826849898791655cf2de7eeb,2026-05-08 19:43:51.000,2026-06-14 19:43:51.000,2,429
142,34b8a32f0c324fe6a7c9a97fd091eabe,2026-05-08 19:43:51.000,2026-06-04 19:43:51.000,3,431
143,a596c2b7a62f4d7f852b94909a49ccc5,2026-05-08 19:43:51.000,2026-06-12 19:43:51.000,4,432
144,6d20c058ba7644ba91ee9b5972813add,2026-05-08 19:43:51.000,2026-06-21 19:43:51.000,4,437
145,ea4f4abd088c46fb95c9dcf5d71558b1,2026-05-08 19:43:51.000,2026-06-12 19:43:51.000,1,439
146,ef4b9772be6a4d828df649949d1afce0,2026-05-08 19:43:51.000,2026-06-26 19:43:51.000,4,442
147,4423f025202a4f6fbf229367dcf536dd,2026-05-08 19:43:51.000,2026-06-22 19:43:51.000,1,443
148,1d326159cd8347ea9c9d0d40091d7d13,2026-05-08 19:43:51.000,2026-06-12 19:43:51.000,5,444
149,6f46ed0dfa0d4bf99bf78c52bf688384,2026-05-08 19:43:51.000,2026-06-11 19:43:51.000,5,448
150,dae042993fb744ec9c01884e0b7a32fb,2026-05-08 19:43:51.000,2026-05-29 19:43:51.000,2,451
151,b8f5769cf6f04bcc86c45111cc901882,2026-05-08 19:43:51.000,2026-05-28 19:43:51.000,5,460
152,f2d51b6f8ede439f88b6e10268294e3a,2026-05-08 19:43:51.000,2026-05-23 19:43:51.000,3,463
153,c7fa7ea9cc894e5bb51b531dd16b8817,2026-05-08 19:43:51.000,2026-05-27 19:43:51.000,1,469
154,54020654a2e949dbb4b27f0be1c732e3,2026-05-08 19:43:51.000,2026-06-11 19:43:51.000,4,473
155,01703520f081467493abdbb5bd49486d,2026-05-08 19:43:51.000,2026-05-13 19:43:51.000,3,481
156,05401c027f0c4297a1a54033b6b59d53,2026-05-08 19:43:51.000,2026-05-10 19:43:51.000,3,486
157,52bf8b507ef6442d9bc1b2e64d21cced,2026-05-08 19:43:51.000,2026-05-20 19:43:51.000,4,487
158,3752356cf89440798560514f6ba6b76d,2026-05-08 19:43:51.000,2026-06-13 19:43:51.000,5,491
159,d46679b587ee40db9a732fb7e42e4646,2026-05-08 19:43:51.000,2026-07-02 19:43:51.000,1,493
160,1ab0b9dd5e6841e5acdd3dfb8fb1383a,2026-05-08 19:43:51.000,2026-05-13 19:43:51.000,5,494
161,e3b4a97f26e24c4caa445c04611027aa,2026-05-08 19:43:51.000,2026-05-15 19:43:51.000,2,496
162,197eb792d5d94d27aa666836dee0b549,2026-05-08 19:43:51.000,2026-07-02 19:43:51.000,3,497
163,9524e22e23fd48b085d0fdbdd035fbe7,2026-05-08 19:43:51.000,2026-07-04 19:43:51.000,2,500
