id,token,created_at,expires_at,user_id
1,b8b140b051a6481185ebbcd531940a3f,2026-05-08 19:43:51.000,2026-05-08 21:43:51.000,1340
2,f9cbfca52f86412ab8c988597143e3c0,2026-05-08 19:43:51.000,2026-05-08 21:43:51.000,1534
3,1b22e9116711446caab539d1e8fa8a1f,2026-05-08 19:43:51.000,2026-05-08 21:43:51.000,2678
4,fc9dcb0d6d27471db37ddc0fbaaac6c6,2026-05-08 19:43:51.000,2026-05-08 21:43:51.000,365
5,b512842984204a61a5abdbc5d9692384,2026-05-08 19:43:51.000,2026-05-08 21:43:51.000,1335
6,8b2fa4cc28c6403aa31c2b7d0410bc0a,2026-05-08 19:43:51.000,2026-05-08 21:43:51.000,1283
7,3fb6e2b472c3449e906b6d638e9f7e25,2026-05-08 19:43:51.000,2026-05-08 21:43:51.000,938
8,19aefeff77024abe86b44d6d1cb95ce4,2026-05-08 19:43:51.000,2026-05-08 21:43:51.000,2577
9,64a709058b424f588afd0e662c9ce344,2026-05-08 19:43:51.000,2026-05-08 21:43:51.000,1083
10,0e75ce7bc31e4dd48ece35d90bf424f8,2026-05-08 19:43:51.000,2026-05-08 21:43:51.000,603
11,e1816462dd73463189cd1e2dd0d3d774,2026-05-08 19:43:51.000,2026-05-08 21:43:51.000,494
12,84501c4f9b0d4f378a4ce24e4cbf0980,2026-05-08 19:43:51.000,2026-05-08 21:43:51.000,1313
13,d4ef2a1b83214f82adeea4298cb83caa,2026-05-08 19:43:51.000,2026-05-08 21:43:51.000,1936
14,bbbd6a966fea4111a91c3314a0d2cea3,2026-05-08 19:43:51.000,2026-05-08 21:43:51.000,1425
15,97bfdf8979164f41aac4c37e5659d6dc,2026-05-08 19:43:51.000,2026-05-08 21:43:51.000,590
16,77ee41359050422e982fcde11cb08733,2026-05-08 19:43:51.000,2026-05-08 21:43:51.000,1703
17,7d591b8b994b4fd5805ca3edb952f9e8,2026-05-08 19:43:51.000,2026-05-08 21:43:51.000,511
18,7ceb7f06ed6449e39ccf99a3d23daffb,2026-05-08 19:43:51.000,2026-05-08 21:43:51.000,925
19,c28eb914fed540a7b9fe501d9e3d839e,2026-05-08 19:43:51.000,2026-05-08 21:43:51.000,111
20,509db7dd0f32464d974361a01ccb990d,2026-05-08 19:43:51.000,2026-05-08 21:43:51.000,1890
21,f75fa65acfb147cbbaa85569912c1caa,2026-05-08 19:43:51.000,2026-05-08 21:43:51.000,775
22,b593b254cca34e64963147588b433850,2026-05-08 19:43:51.000,2026-05-08 21:43:51.000,578
23,ba067ab1dd084da39b4caa2d928fa102,2026-05-08 19:43:51.000,2026-05-08 21:43:51.000,2363
24,e1b94ec0ae3e4979a0047ba053dd36fd,2026-05-08 19:43:51.000,2026-05-08 21:43:51.000,849
25,cb7a087924e84d5982f2217d79b27dfb,2026-05-08 19:43:51.000,2026-05-08 21:43:51.000,1745
26,fb2b5e8061034b6ea9968e192a57c493,2026-05-08 19:43:51.000,2026-05-08 21:43:51.000,2083
27,56a57b8a9e7348e39bf489eac4dafa19,2026-05-08 19:43:51.000,2026-05-08 21:43:51.000,2234
28,5ac52eac784a4981800fc78c5ca80e9a,2026-05-08 19:43:51.000,2026-05-08 21:43:51.000,2307
29,b8a991284d144d94a05d833770b60477,2026-05-08 19:43:51.000,2026-05-08 21:43:51.000,1169
30,7a09df23118f4bf7ab760b36e02f95f4,2026-05-08 19:43:51.000,2026-05-08 21:43:51.000,2029
31,06156d3707b841b5ba8dd62d06114be3,2026-05-08 19:43:51.000,2026-05-08 21:43:51.000,2737
32,fedf6dc37708428c92f2bfab2adbfaac,2026-05-08 19:43:51.000,2026-05-08 21:43:51.000,1821
33,fea606d1d68a4d3ea2cab9886421663e,2026-05-08 19:43:51.000,2026-05-08 21:43:51.000,1397
34,7b9ede5e4fb547c8befcdfca11506211,2026-05-08 19:43:51.000,2026-05-08 21:43:51.000,1318
35,858f3cd0e663473f8075c36358051e41,2026-05-08 19:43:51.000,2026-05-08 21:43:51.000,995
36,74d478135b9a4df39c5c8dc04ec93330,2026-05-08 19:43:51.000,2026-05-08 21:43:51.000,1227
37,a4fa4732d9c540c3a4b35eb7de06e55a,2026-05-08 19:43:51.000,2026-05-08 21:43:51.000,2285
38,5fc62855e1c241f18725dad52b7456da,2026-05-08 19:43:51.000,2026-05-08 21:43:51.000,289
39,bdcd21307334481e920a2036a8d660a2,2026-05-08 19:43:51.000,2026-05-08 21:43:51.000,2294
40,3e14c157cf4a41679bff86ca9cf421eb,2026-05-08 19:43:51.000,2026-05-08 21:43:51.000,1291
41,2c91fe9b66544628b6eb099df1e9bdba,2026-05-08 19:43:51.000,2026-05-08 21:43:51.000,1102
42,78862f73d7d24c59be7a4a950159c695,2026-05-08 19:43:51.000,2026-05-08 21:43:51.000,1846
43,5e7a7f5ae5c64544b1781512ab53f3df,2026-05-08 19:43:51.000,2026-05-08 21:43:51.000,949
44,e7ea7b2e485441c0922a646e51ecab38,2026-05-08 19:43:51.000,2026-05-08 21:43:51.000,778
45,86bd42e887db4478ab54b6ed587fcb23,2026-05-08 19:43:51.000,2026-05-08 21:43:51.000,2312
46,3076e9151eb248cf8f386632470584fd,2026-05-08 19:43:51.000,2026-05-08 21:43:51.000,1392
47,ca024e44cb4a42319d285af06b9fb590,2026-05-08 19:43:51.000,2026-05-08 21:43:51.000,423
48,d2eff83854654768b6bb2b722f9236d8,2026-05-08 19:43:51.000,2026-05-08 21:43:51.000,807
49,fb974874317440d18359eee094c02f1f,2026-05-08 19:43:51.000,2026-05-08 21:43:51.000,723
50,fb1df803f5234c8e8a3466cdcebe1595,2026-05-08 19:43:51.000,2026-05-08 21:43:51.000,2315
51,eeeac6dd40e345fcb1cff9a770c60568,2026-05-08 19:43:51.000,2026-05-08 21:43:51.000,2475
52,86dbd6abdd234bd2834725fe23ea5ef7,2026-05-08 19:43:51.000,2026-05-08 21:43:51.000,644
53,903ce7c052b1495e81bcb890fe241b0e,2026-05-08 19:43:51.000,2026-05-08 21:43:51.000,888
54,2ac884b5484b49429dfcad132544d848,2026-05-08 19:43:51.000,2026-05-08 21:43:51.000,1359
55,5169b647cb044862bb81a152c4966161,2026-05-08 19:43:51.000,2026-05-08 21:43:51.000,2591
56,59a74bd2929d46fdabb031c78dad5eba,2026-05-08 19:43:51.000,2026-05-08 21:43:51.000,780
57,fc305fda98f94b8ca9ebd393c24dceba,2026-05-08 19:43:51.000,2026-05-08 21:43:51.000,2005
58,fc58e4b7deb84fefaa2b71b5a42c2904,2026-05-08 19:43:51.000,2026-05-08 21:43:51.000,2090
59,a7cddb36dca941e3a52e61410048e3a5,2026-05-08 19:43:51.000,2026-05-08 21:43:51.000,972
60,e03289d992d545d69bb8fde902495ee5,2026-05-08 19:43:51.000,2026-05-08 21:43:51.000,830
61,0c67ac8bb88543eba7673ce725fa2424,2026-05-08 19:43:51.000,2026-05-08 21:43:51.000,221
62,21a99c64f6854d3cbdd31bcaf8c21a8f,2026-05-08 19:43:51.000,2026-05-08 21:43:51.000,1466
63,8919df670592484c8983db8bed5f9abd,2026-05-08 19:43:51.000,2026-05-08 21:43:51.000,595
64,1480b1246fdb489aafca9341537e7dff,2026-05-08 19:43:51.000,2026-05-08 21:43:51.000,1104
65,c66432448d234b47b3b4d0d94c0e015d,2026-05-08 19:43:51.000,2026-05-08 21:43:51.000,1133
66,a5365254f6b84ecaa1644aa9a5f23fea,2026-05-08 19:43:51.000,2026-05-08 21:43:51.000,259
67,35eca254d7df4794be3cf44582e35fef,2026-05-08 19:43:51.000,2026-05-08 21:43:51.000,1370
68,9ee7b96fd7d3485584152dd8998b05ff,2026-05-08 19:43:51.000,2026-05-08 21:43:51.000,1990
69,dfdfab1fc6704f309954f2d5b3d73a08,2026-05-08 19:43:51.000,2026-05-08 21:43:51.000,288
70,e1f7e4abc07b4126bc93c31a636b8c8a,2026-05-08 19:43:51.000,2026-05-08 21:43:51.000,675
71,9e122e3ee25448809f0cbafa2230e3f5,2026-05-08 19:43:51.000,2026-05-08 21:43:51.000,2675
72,02084fab6b3b4a6d86df8710414a2689,2026-05-08 19:43:51.000,2026-05-08 21:43:51.000,742
73,706aa6f5a4904703bb0a2d60e5b0fb9a,2026-05-08 19:43:51.000,2026-05-08 21:43:51.000,2382
74,e17c89b5eec64388abccb6a8633753c8,2026-05-08 19:43:51.000,2026-05-08 21:43:51.000,2276
75,b57203a254114d6583a0e966198b56e0,2026-05-08 19:43:51.000,2026-05-08 21:43:51.000,1122
76,cdc81e8172284ce2baa96bf13780a6d7,2026-05-08 19:43:51.000,2026-05-08 21:43:51.000,975
77,3bbf81f598a34b15b5bc709b6451b39d,2026-05-08 19:43:51.000,2026-05-08 21:43:51.000,2094
78,a132b4a2b83e452e993e2e85a324f30b,2026-05-08 19:43:51.000,2026-05-08 21:43:51.000,1623
79,269b95a34250480fa354d8ed83e9b1b9,2026-05-08 19:43:51.000,2026-05-08 21:43:51.000,478
80,99441603ece84fc2a1ad99c2b92b1770,2026-05-08 19:43:51.000,2026-05-08 21:43:51.000,1610
81,44f6befb133444e1a928adfff853832f,2026-05-08 19:43:51.000,2026-05-08 21:43:51.000,1915
82,2a11fb3de9ff431ab3caea82c953095c,2026-05-08 19:43:51.000,2026-05-08 21:43:51.000,1361
83,d9c3b6d97bd046c2b5ff17f20141342e,2026-05-08 19:43:51.000,2026-05-08 21:43:51.000,2442
84,62446bbb4502471899a1fa35a229892a,2026-05-08 19:43:51.000,2026-05-08 21:43:51.000,556
85,029450fce4ee465b8e3b89d457d5c2ec,2026-05-08 19:43:51.000,2026-05-08 21:43:51.000,291
86,4d7d15ef83c74e1b88b1afd02662768b,2026-05-08 19:43:51.000,2026-05-08 21:43:51.000,976
87,60ab6b43780a4faaa047d4b9b45c64df,2026-05-08 19:43:51.000,2026-05-08 21:43:51.000,1781
88,6de45ffd1a514fc3993708c184a37936,2026-05-08 19:43:51.000,2026-05-08 21:43:51.000,1904
89,a64c22d7dc254c6fa9c494868c19f2ef,2026-05-08 19:43:51.000,2026-05-08 21:43:51.000,199
90,c4b8202ed3bb47249efc477df0403cac,2026-05-08 19:43:51.000,2026-05-08 21:43:51.000,654
91,765f57fbe8f64048b1433486d388aae0,2026-05-08 19:43:51.000,2026-05-08 21:43:51.000,2625
92,3d4b075d5ead43e09ba027a93c79bb2d,2026-05-08 19:43:51.000,2026-05-08 21:43:51.000,2269
93,c9e4d3d8039b4508a8b8cc3e92c7652c,2026-05-08 19:43:51.000,2026-05-08 21:43:51.000,1422
94,447eee6225824c2c890e699c9e52d618,2026-05-08 19:43:51.000,2026-05-08 21:43:51.000,2009
95,3afff667288f470fa88c9716fd5b630a,2026-05-08 19:43:51.000,2026-05-08 21:43:51.000,2260
96,322a3e0e6f934a43ba737892025bf245,2026-05-08 19:43:51.000,2026-05-08 21:43:51.000,1033
97,c3e5faeb80294bfd8dd05ef658132af2,2026-05-08 19:43:51.000,2026-05-08 21:43:51.000,2671
98,e4e2426adf0240c7b428924ee28dff4d,2026-05-08 19:43:51.000,2026-05-08 21:43:51.000,268
99,c5f0d8eb85214390ac585368b2087527,2026-05-08 19:43:51.000,2026-05-08 21:43:51.000,1065
100,a3e45062093b48d6ac25afa7f9fe9385,2026-05-08 19:43:51.000,2026-05-08 21:43:51.000,1344
101,1f6e519577404e909b82bd5940d6c25f,2026-05-08 19:43:51.000,2026-05-08 21:43:51.000,442
102,6a6bd1fe5e804c6a9f42d521c2f43e72,2026-05-08 19:43:51.000,2026-05-08 21:43:51.000,2358
103,4233d322f1044cf0b2551a4731d211bc,2026-05-08 19:43:51.000,2026-05-08 21:43:51.000,1
104,2acb659e0cee4dd08a61313d522bad67,2026-05-08 19:43:51.000,2026-05-08 21:43:51.000,1175
105,ba60347f57bc4dccbcf5b9f5c165d55d,2026-05-08 19:43:51.000,2026-05-08 21:43:51.000,1792
106,86c48f6f5e9e40b98f06acf6bbb3d540,2026-05-08 19:43:51.000,2026-05-08 21:43:51.000,2627
107,c58b88cf3baf46c199fef517ca26cab7,2026-05-08 19:43:51.000,2026-05-08 21:43:51.000,1517
108,7602b06dfba8401b832e4a58ea6e26b1,2026-05-08 19:43:51.000,2026-05-08 21:43:51.000,367
109,df9e8ab867234c3eb7c2e9724d5daa29,2026-05-08 19:43:51.000,2026-05-08 21:43:51.000,2089
110,d2eb4fe11bbd4f79b705105648b7e5f9,2026-05-08 19:43:51.000,2026-05-08 21:43:51.000,2507
111,024d3d82781448a58fe5b9deff1bae4c,2026-05-08 19:43:51.000,2026-05-08 21:43:51.000,480
112,7eff288611764d42850f4981cfbd9228,2026-05-08 19:43:51.000,2026-05-08 21:43:51.000,1259
113,c96f0f028f4148078880cb8c2a1bfe88,2026-05-08 19:43:51.000,2026-05-08 21:43:51.000,264
114,89b45b6da77c4fa08e2b0814c4c4dd5a,2026-05-08 19:43:51.000,2026-05-08 21:43:51.000,2626
115,71aea867e64e46a4be86434e2dacc509,2026-05-08 19:43:51.000,2026-05-08 21:43:51.000,1101
116,bfc6f21b5b9b48e1b85dfac2bc5be57c,2026-05-08 19:43:51.000,2026-05-08 21:43:51.000,2410
117,e3d39ed433d347229e676b4f3cc87616,2026-05-08 19:43:51.000,2026-05-08 21:43:51.000,2472
118,70fb219cbc8b4a49ba20d774e171fbda,2026-05-08 19:43:51.000,2026-05-08 21:43:51.000,366
119,8891ef5a71524f97aff02ee669befc75,2026-05-08 19:43:51.000,2026-05-08 21:43:51.000,1037
120,626109e5dcbb43699406d639446de149,2026-05-08 19:43:51.000,2026-05-08 21:43:51.000,385
121,e5e4f45e6acd475f880e90a0da90e1b4,2026-05-08 19:43:51.000,2026-05-08 21:43:51.000,217
122,fa56f62c7c814e9d96130b5fba18dbc7,2026-05-08 19:43:51.000,2026-05-08 21:43:51.000,1512
123,4f8fe2416b044c9aac6c3999a12589b1,2026-05-08 19:43:51.000,2026-05-08 21:43:51.000,2193
124,90878e530ce44d919a9643280e130360,2026-05-08 19:43:51.000,2026-05-08 21:43:51.000,218
125,0eaf1c967c254e70b89318b0c8c15574,2026-05-08 19:43:51.000,2026-05-08 21:43:51.000,440
126,ed16fc12f67d4bbaa9f5e5fa1a620251,2026-05-08 19:43:51.000,2026-05-08 21:43:51.000,64
127,ce28f0727f814508a3088127f413d0c1,2026-05-08 19:43:51.000,2026-05-08 21:43:51.000,56
128,88672a9f247b4ac1963cd8d20628ba95,2026-05-08 19:43:51.000,2026-05-08 21:43:51.000,1190
129,684c6efdc43d4846a4cc082da9940fdd,2026-05-08 19:43:51.000,2026-05-08 21:43:51.000,1568
130,1d804cdff7d94134b7dd6c18ed07c763,2026-05-08 19:43:51.000,2026-05-08 21:43:51.000,1789
131,332e2bf9d60045228a23285cf64d31ad,2026-05-08 19:43:51.000,2026-05-08 21:43:51.000,918
132,eb01969118af485484458215051e9b50,2026-05-08 19:43:51.000,2026-05-08 21:43:51.000,466
133,f426ba0eb6d54a25a46aad30a6a47c6a,2026-05-08 19:43:51.000,2026-05-08 21:43:51.000,851
134,13a182a8cfd144ab84c75db58513da40,2026-05-08 19:43:51.000,2026-05-08 21:43:51.000,1812
135,fa8de18c76b64185b676bc17044035e6,2026-05-08 19:43:51.000,2026-05-08 21:43:51.000,140
136,d1add3d0e9da49a099bef4157894f135,2026-05-08 19:43:51.000,2026-05-08 21:43:51.000,2499
137,6c31b6d628e74b459e461a3c783fa0bd,2026-05-08 19:43:51.000,2026-05-08 21:43:51.000,1400
138,37f979858aa947db8ccd3e37ad5f330b,2026-05-08 19:43:51.000,2026-05-08 21:43:51.000,2248
139,1a40667f5aa74278b86703180502f549,2026-05-08 19:43:51.000,2026-05-08 21:43:51.000,2574
140,1c7cec08bbf242ca86f6c910e4f6e681,2026-05-08 19:43:51.000,2026-05-08 21:43:51.000,353
141,675986de594b4e41bf3bd7ce4e8b0d50,2026-05-08 19:43:51.000,2026-05-08 21:43:51.000,2714
142,9e3e11f38d0c4a6e917116f36a0ae717,2026-05-08 19:43:51.000,2026-05-08 21:43:51.000,86
143,2c1456dad2ef48da9821cce2fd5abc2e,2026-05-08 19:43:51.000,2026-05-08 21:43:51.000,148
144,dbfc1f30f7ff4dff9fd5a25e9607c69e,2026-05-08 19:43:51.000,2026-05-08 21:43:51.000,324
145,134d7fe8347842a1a813108bf2e1a00d,2026-05-08 19:43:51.000,2026-05-08 21:43:51.000,153
146,ab153937d99943f99565a60c2ea01c0b,2026-05-08 19:43:51.000,2026-05-08 21:43:51.000,2072
147,e2cb759d949d474ea856fc116b6b66ce,2026-05-08 19:43:51.000,2026-05-08 21:43:51.000,2725
148,ff5ea6e1049a41919da0c7a46829fd8a,2026-05-08 19:43:51.000,2026-05-08 21:43:51.000,2075
149,0490dd0058eb4db1b8d7caaaa5ca16f1,2026-05-08 19:43:51.000,2026-05-08 21:43:51.000,1063
150,a2f50f0a90fc4328a4cca844732c2658,2026-05-08 19:43:51.000,2026-05-08 21:43:51.000,1433
151,fae55e2a06434cc3bd93f53f6f421c24,2026-05-08 19:43:51.000,2026-05-08 21:43:51.000,2122
152,762c1c12a9ca49f6908a24b6668b9238,2026-05-08 19:43:51.000,2026-05-08 21:43:51.000,1501
153,ea9dd84b04dd48f0902a5100f33beb0c,2026-05-08 19:43:51.000,2026-05-08 21:43:51.000,803
154,5eab3a966c754a439f2bb140ad8b75c5,2026-05-08 19:43:51.000,2026-05-08 21:43:51.000,2319
155,a474e4e8b8d04051868e352fcb485449,2026-05-08 19:43:51.000,2026-05-08 21:43:51.000,614
156,7daea5abb57a49f6b618d983bca42961,2026-05-08 19:43:51.000,2026-05-08 21:43:51.000,2778
157,fc5d8c4cf38a4e3999ce33a10ab9cf56,2026-05-08 19:43:51.000,2026-05-08 21:43:51.000,2182
158,30cb196709a14e9f85490211de7e3f06,2026-05-08 19:43:51.000,2026-05-08 21:43:51.000,1451
159,19be5e0fb2d4463e9591484e5abde8fc,2026-05-08 19:43:51.000,2026-05-08 21:43:51.000,1718
160,e97af9866e644add90cbd0669dd34f70,2026-05-08 19:43:51.000,2026-05-08 21:43:51.000,70
161,3f899a579f5a4140b92f128d7c6d1f80,2026-05-08 19:43:51.000,2026-05-08 21:43:51.000,2662
162,eae3e880959348239bd0c66719f0389e,2026-05-08 19:43:51.000,2026-05-08 21:43:51.000,301
163,d64d492582f749728ad7b6fe7dd52488,2026-05-08 19:43:51.000,2026-05-08 21:43:51.000,1262
164,f5e95f3c36c94210adec4ce2212df293,2026-05-08 19:43:51.000,2026-05-08 21:43:51.000,1294
165,9820382fe4db4e6eb071cbee80edfc61,2026-05-08 19:43:51.000,2026-05-08 21:43:51.000,549
166,5077155d83ac4f16b1314d2d015a06e2,2026-05-08 19:43:51.000,2026-05-08 21:43:51.000,543
167,d05b52dace8a498fa1024b9cab79ad9b,2026-05-08 19:43:51.000,2026-05-08 21:43:51.000,752
168,2b3d274da6114aa7b3a000967aceb9e5,2026-05-08 19:43:51.000,2026-05-08 21:43:51.000,2484
169,1d5fba5cacdd469a8216a7869c8ef084,2026-05-08 19:43:51.000,2026-05-08 21:43:51.000,2453
170,b1b43db0b55f4a1c9f76a22f96bd78dc,2026-05-08 19:43:51.000,2026-05-08 21:43:51.000,1733
171,ab9300aa4e9849b89ae185790f4c6f08,2026-05-08 19:43:51.000,2026-05-08 21:43:51.000,2603
172,5f340209e40444cf8de6590d01da21ad,2026-05-08 19:43:51.000,2026-05-08 21:43:51.000,1023
173,bbdefdc95e0b4b62bf201af41e7fa285,2026-05-08 19:43:51.000,2026-05-08 21:43:51.000,1545
174,c2ce6373bd2c45548da76196da1d72c1,2026-05-08 19:43:51.000,2026-05-08 21:43:51.000,2520
175,87f6eccb12bd4183b0484c001db0921c,2026-05-08 19:43:51.000,2026-05-08 21:43:51.000,2774
176,c86986946bbc4c609ee2a16b3e6e3bb9,2026-05-08 19:43:51.000,2026-05-08 21:43:51.000,2123
177,324ea05192c7462bad96c296b0c45cc2,2026-05-08 19:43:51.000,2026-05-08 21:43:51.000,772
178,1ecfa28b76e54a378f4034b16b01184b,2026-05-08 19:43:51.000,2026-05-08 21:43:51.000,2293
179,a49e10ef44f444e5bdde7935a56448c9,2026-05-08 19:43:51.000,2026-05-08 21:43:51.000,1170
180,dd61285655c94d97bfd93b3deb1d285b,2026-05-08 19:43:51.000,2026-05-08 21:43:51.000,2050
181,626fa52a23224a0d80fc404789d19473,2026-05-08 19:43:51.000,2026-05-08 21:43:51.000,1485
182,5cf7aeab57674581a7be31336d21f8f5,2026-05-08 19:43:51.000,2026-05-08 21:43:51.000,585
183,c4dd85ffa7ab4ad5a5418605559c36b9,2026-05-08 19:43:51.000,2026-05-08 21:43:51.000,35
184,202c5474ddff4b37803005ac2236b6f2,2026-05-08 19:43:51.000,2026-05-08 21:43:51.000,388
185,94b0822709b74644b5f0dbb8e3003982,2026-05-08 19:43:51.000,2026-05-08 21:43:51.000,189
186,4dbac6171d174c2fa003cfb8d1f82905,2026-05-08 19:43:51.000,2026-05-08 21:43:51.000,2501
187,f81e2f0b60a148059ec3e00693deee36,2026-05-08 19:43:51.000,2026-05-08 21:43:51.000,112
188,b534a21cddc2412187234c7456866ee6,2026-05-08 19:43:51.000,2026-05-08 21:43:51.000,879
189,4c2be34aeeb3443284de060c24a90f3c,2026-05-08 19:43:51.000,2026-05-08 21:43:51.000,1079
190,6228a4355ad34a7da8d7b792d43e4a6b,2026-05-08 19:43:51.000,2026-05-08 21:43:51.000,13
191,473780bed1a7435cad2cabf7d937c9d7,2026-05-08 19:43:51.000,2026-05-08 21:43:51.000,1829
192,1574b8eaedf742b1b2f5f66c95c3c2b7,2026-05-08 19:43:51.000,2026-05-08 21:43:51.000,1516
193,0f002084e5914a8a980ed6e97c7d490f,2026-05-08 19:43:51.000,2026-05-08 21:43:51.000,348
194,e37d8f251a254c12a22d009a984c9a44,2026-05-08 19:43:51.000,2026-05-08 21:43:51.000,2035
195,eac1195060bf4b4696da6e5d069f9238,2026-05-08 19:43:51.000,2026-05-08 21:43:51.000,2273
196,62e08344476845ea96f7b09e2757b791,2026-05-08 19:43:51.000,2026-05-08 21:43:51.000,2533
197,8097d5a9ed504b2cab8ac6b916af77fc,2026-05-08 19:43:51.000,2026-05-08 21:43:51.000,618
198,864cf54214f545f89212a879186ed2a5,2026-05-08 19:43:51.000,2026-05-08 21:43:51.000,1735
199,1dd0e02ca742465f8d82b027345fb0b1,2026-05-08 19:43:51.000,2026-05-08 21:43:51.000,145
200,b27886793b2a420695af990edcfcb2b1,2026-05-08 19:43:51.000,2026-05-08 21:43:51.000,2328
201,0921997954034cb8bcbe71229fc23f70,2026-05-08 19:43:51.000,2026-05-08 21:43:51.000,615
202,626f9ec34f7f46b9b10a2b2498724020,2026-05-08 19:43:51.000,2026-05-08 21:43:51.000,17
203,69979f5cd9ff4d2f8a1d8a7fef10debc,2026-05-08 19:43:51.000,2026-05-08 21:43:51.000,2769
204,06689e7a85cd4d3d8877cf1ec1012f86,2026-05-08 19:43:51.000,2026-05-08 21:43:51.000,151
205,a62d1516b6e045c3b78c1d3188a0e590,2026-05-08 19:43:51.000,2026-05-08 21:43:51.000,2724
206,f52965456826487aa629dda926bcd806,2026-05-08 19:43:51.000,2026-05-08 21:43:51.000,616
207,a65612d15784476bad8a6dbf5869c096,2026-05-08 19:43:51.000,2026-05-08 21:43:51.000,2460
208,909cd48b1685408ba5ec2ac0952d739e,2026-05-08 19:43:51.000,2026-05-08 21:43:51.000,1563
209,e663611c86ee43fc9cf49f75fa514651,2026-05-08 19:43:51.000,2026-05-08 21:43:51.000,2043
210,e5d803845624482bad8b109b4a2debb4,2026-05-08 19:43:51.000,2026-05-08 21:43:51.000,2360
211,c65b601477da45bbbdeebf5024354739,2026-05-08 19:43:51.000,2026-05-08 21:43:51.000,1407
212,2a2c607b47a8460385fd5284b87215f5,2026-05-08 19:43:51.000,2026-05-08 21:43:51.000,2649
213,c8f628126b9943d7920fe84041a13353,2026-05-08 19:43:51.000,2026-05-08 21:43:51.000,2139
214,e34e967c76cf40bf93a3ac8705f8ed2a,2026-05-08 19:43:51.000,2026-05-08 21:43:51.000,1495
215,ddfd013f07ba47f785d87d4252fb7294,2026-05-08 19:43:51.000,2026-05-08 21:43:51.000,1746
216,5fb0a0beb8d344138ca1a6e9be7cd5aa,2026-05-08 19:43:51.000,2026-05-08 21:43:51.000,2567
217,1dca920a1e1a4b5cbc1c2afd42c20807,2026-05-08 19:43:51.000,2026-05-08 21:43:51.000,1336
218,7a963cb2223b453fa89c65cf0f373963,2026-05-08 19:43:51.000,2026-05-08 21:43:51.000,2787
219,acc011517c4d401cb5dc77d468bc6dc3,2026-05-08 19:43:51.000,2026-05-08 21:43:51.000,2622
220,386965b858964a80a406350098a63ab1,2026-05-08 19:43:51.000,2026-05-08 21:43:51.000,2371
221,d613b727bb524dd3aba0229ff37f2911,2026-05-08 19:43:51.000,2026-05-08 21:43:51.000,1364
222,e650802460164fa88664cdc26b667365,2026-05-08 19:43:51.000,2026-05-08 21:43:51.000,2128
223,72ee359734f74aaabfe01bd3d155c992,2026-05-08 19:43:51.000,2026-05-08 21:43:51.000,996
224,00d01a33ea5a4e9bb6f8a4a2dc3c5bd7,2026-05-08 19:43:51.000,2026-05-08 21:43:51.000,2246
225,2db8cfd151654eb38f9bb11837958350,2026-05-08 19:43:51.000,2026-05-08 21:43:51.000,1694
226,1ab9dec268c34c9a9bc257def89afc55,2026-05-08 19:43:51.000,2026-05-08 21:43:51.000,2147
227,033e916d2beb4df5bbc4da3ba6fe65c4,2026-05-08 19:43:51.000,2026-05-08 21:43:51.000,1465
228,fb2e5e2eb6664d3bb4f76f9686b33557,2026-05-08 19:43:51.000,2026-05-08 21:43:51.000,2099
229,feed06d888bc4166951fec61325b2030,2026-05-08 19:43:51.000,2026-05-08 21:43:51.000,1598
230,c996f4ce781d424f9bd7abb3e112eef0,2026-05-08 19:43:51.000,2026-05-08 21:43:51.000,1705
231,f6545def47fb4cf9994f20fae9b5d8ce,2026-05-08 19:43:51.000,2026-05-08 21:43:51.000,2751
232,063b661ecfa043848998281858e5a0cb,2026-05-08 19:43:51.000,2026-05-08 21:43:51.000,2658
233,0a11306593e642c98ec608303470aa61,2026-05-08 19:43:51.000,2026-05-08 21:43:51.000,1835
234,3cc3c83188444f19a8f114bfd8f249d0,2026-05-08 19:43:51.000,2026-05-08 21:43:51.000,1903
235,ec23dbcdf53b4f5b93e443ceeefeb8e9,2026-05-08 19:43:51.000,2026-05-08 21:43:51.000,44
236,aa86eb8fb11847149ad1ec02da81931d,2026-05-08 19:43:51.000,2026-05-08 21:43:51.000,607
237,9172de0cea434ce3b73df58a1066bfe7,2026-05-08 19:43:51.000,2026-05-08 21:43:51.000,2113
238,e42d2dd395484592a581f25d87e74ffd,2026-05-08 19:43:51.000,2026-05-08 21:43:51.000,220
239,3ccd6a9628c64a14966c6af15775b715,2026-05-08 19:43:51.000,2026-05-08 21:43:51.000,1377
240,15ccd274813640cd95c5b25ad850769f,2026-05-08 19:43:51.000,2026-05-08 21:43:51.000,2390
241,28e5edefa4334154be0e8c07555cf1b1,2026-05-08 19:43:51.000,2026-05-08 21:43:51.000,297
242,96d26a942e764c9899a7f0228ec5e48a,2026-05-08 19:43:51.000,2026-05-08 21:43:51.000,490
243,18a5b1746b654da9acec22442db773b6,2026-05-08 19:43:51.000,2026-05-08 21:43:51.000,369
244,8415ec2899d04c4291881aa2429834b8,2026-05-08 19:43:51.000,2026-05-08 21:43:51.000,2749
245,4ff80659ecdb4e95ad93982c8b2cfca7,2026-05-08 19:43:51.000,2026-05-08 21:43:51.000,1415
246,09eb63c45b3641d29775a3b497d39420,2026-05-08 19:43:51.000,2026-05-08 21:43:51.000,535
247,cf1af790e1c6415f990c47da23d2a353,2026-05-08 19:43:51.000,2026-05-08 21:43:51.000,804
248,2ae4c4c33f014e3782bad834042ac0c1,2026-05-08 19:43:51.000,2026-05-08 21:43:51.000,15
249,3b18db706d7a429a817278b934854a03,2026-05-08 19:43:51.000,2026-05-08 21:43:51.000,2747
250,03234e022837497399c938674c5c0d23,2026-05-08 19:43:51.000,2026-05-08 21:43:51.000,766
251,49ea6e0bf5074f91802e900cad883254,2026-05-08 19:43:51.000,2026-05-08 21:43:51.000,279
252,28bffe8adb7f4293bcf84f8251f8db71,2026-05-08 19:43:51.000,2026-05-08 21:43:51.000,582
253,dd27437bfbf646be949fd45988542f7b,2026-05-08 19:43:51.000,2026-05-08 21:43:51.000,2145
254,9693eff053a1408cae2bf3fd9b124d4f,2026-05-08 19:43:51.000,2026-05-08 21:43:51.000,2734
255,05a78f60a6c4403baecc0eae594f28f9,2026-05-08 19:43:51.000,2026-05-08 21:43:51.000,1012
256,5c981018ea2f45c69324bdd850406bb9,2026-05-08 19:43:51.000,2026-05-08 21:43:51.000,1464
257,ccb16d63153f4b1f985c39b8c72b536c,2026-05-08 19:43:51.000,2026-05-08 21:43:51.000,755
258,0dd0db465b3149fa8940e50ce508ba68,2026-05-08 19:43:51.000,2026-05-08 21:43:51.000,946
259,41b40cb7dd0641f5ace05b1aca9077cc,2026-05-08 19:43:51.000,2026-05-08 21:43:51.000,136
260,110b22b78e734b4d808cd0ea225a9477,2026-05-08 19:43:51.000,2026-05-08 21:43:51.000,2240
261,82f0fd3418434bcfa09d1d424badd2b6,2026-05-08 19:43:51.000,2026-05-08 21:43:51.000,2373
262,8a0c9f47c5754a7da2bb0d54307b5f32,2026-05-08 19:43:51.000,2026-05-08 21:43:51.000,231
263,781386402e314bbe936d73e1f1b0d11f,2026-05-08 19:43:51.000,2026-05-08 21:43:51.000,1070
264,41da599ca5e74f0b8b3c7f29051cf55d,2026-05-08 19:43:51.000,2026-05-08 21:43:51.000,1156
265,18e9cc92ae434fd8bd2e186dc2508259,2026-05-08 19:43:51.000,2026-05-08 21:43:51.000,1845
266,96bdb516ebfa4096a2a8044b8cc0d63c,2026-05-08 19:43:51.000,2026-05-08 21:43:51.000,1636
267,907eeb3a289144c0909dbf9d6b80c1df,2026-05-08 19:43:51.000,2026-05-08 21:43:51.000,548
268,f9a49a69c26e4493b8e0b6e544550195,2026-05-08 19:43:51.000,2026-05-08 21:43:51.000,1853
269,eed7391199d94d2bb9bf1515177bd339,2026-05-08 19:43:51.000,2026-05-08 21:43:51.000,2370
270,5f3b52bb82474e57a8d24b4e0ff6a60e,2026-05-08 19:43:51.000,2026-05-08 21:43:51.000,393
271,3a7644de9a524839bb5feebb4401e507,2026-05-08 19:43:51.000,2026-05-08 21:43:51.000,2598
272,f0f617e2e1b5467ebf038a322afaf37e,2026-05-08 19:43:51.000,2026-05-08 21:43:51.000,1150
273,4b586b654514448393a384626c526ead,2026-05-08 19:43:51.000,2026-05-08 21:43:51.000,2330
274,7253692624b94d3489feceb5a0435687,2026-05-08 19:43:51.000,2026-05-08 21:43:51.000,1591
275,47c36864047d407b98b23969cc9c7ad1,2026-05-08 19:43:51.000,2026-05-08 21:43:51.000,1184
276,632f5a95e3fd4712bf03bd3259511511,2026-05-08 19:43:51.000,2026-05-08 21:43:51.000,1054
277,0c3ae1ea023d4079854f17787f3e0f14,2026-05-08 19:43:51.000,2026-05-08 21:43:51.000,1381
278,f08f1079f3a746b2a4a4b2020f8bcd67,2026-05-08 19:43:51.000,2026-05-08 21:43:51.000,1058
279,05463f9c530e444b815114b76112601f,2026-05-08 19:43:51.000,2026-05-08 21:43:51.000,810
280,ad755396a9d349bab676cd8746287440,2026-05-08 19:43:51.000,2026-05-08 21:43:51.000,141
281,6bd2ffb85adb4256a27e019f6dfb04b3,2026-05-08 19:43:51.000,2026-05-08 21:43:51.000,119
282,54a3d1c4391c4be1a282b1ecb6c9050e,2026-05-08 19:43:51.000,2026-05-08 21:43:51.000,850
283,93f3b75627fe4384a9b2a0dd13ab6ab3,2026-05-08 19:43:51.000,2026-05-08 21:43:51.000,497
284,f36cd4bef4a04cf5b610dd104daf96bd,2026-05-08 19:43:51.000,2026-05-08 21:43:51.000,179
285,20dd8a40a5674bab802490d77dd420d1,2026-05-08 19:43:51.000,2026-05-08 21:43:51.000,2434
286,45bf086abab54c9883c5be8f8e7bf128,2026-05-08 19:43:51.000,2026-05-08 21:43:51.000,2479
287,381e1af1bf7e444a927c909615615a89,2026-05-08 19:43:51.000,2026-05-08 21:43:51.000,570
288,5a0b38bb8b8347b49c498ca7f904b5d0,2026-05-08 19:43:51.000,2026-05-08 21:43:51.000,1677
289,7013a1b3187d43a2a6e52463b6727618,2026-05-08 19:43:51.000,2026-05-08 21:43:51.000,1048
290,0bb10722987c402395354bc8fcb9cecf,2026-05-08 19:43:51.000,2026-05-08 21:43:51.000,1543
291,1bb00f80f7de4a0a89375072bbff27b1,2026-05-08 19:43:51.000,2026-05-08 21:43:51.000,1823
292,517ae421764349f7984b340ea17e9458,2026-05-08 19:43:51.000,2026-05-08 21:43:51.000,2650
293,7defd1214c844bb39182cd816de05777,2026-05-08 19:43:51.000,2026-05-08 21:43:51.000,1790
294,b33785ff83e5429aad8b57f2bac45ed5,2026-05-08 19:43:51.000,2026-05-08 21:43:51.000,2585
295,343624f9bfbd499c9d033609393e2ed8,2026-05-08 19:43:51.000,2026-05-08 21:43:51.000,914
296,fb6c73fefba54fa295da24860133822b,2026-05-08 19:43:51.000,2026-05-08 21:43:51.000,1299
297,083853bd5a9a49afbed678dbf78184dc,2026-05-08 19:43:51.000,2026-05-08 21:43:51.000,2677
298,d8186827481742d0a60bbb11d79cef93,2026-05-08 19:43:51.000,2026-05-08 21:43:51.000,11
299,d20bc7e248dc4a94b0e7a87da884ef21,2026-05-08 19:43:51.000,2026-05-08 21:43:51.000,196
300,fce4c434356e459fb90f844aaa2259b7,2026-05-08 19:43:51.000,2026-05-08 21:43:51.000,2207
301,d2b4cc5d8bb74d41ae702c465f25da1d,2026-05-08 19:43:51.000,2026-05-08 21:43:51.000,309
302,33790597065941b9905e9ba5fb43cad6,2026-05-08 19:43:51.000,2026-05-08 21:43:51.000,965
303,823dbb9e02c842988a66ffa41d4443f5,2026-05-08 19:43:51.000,2026-05-08 21:43:51.000,2078
304,7efc842e50d14845aa22865b51a80b52,2026-05-08 19:43:51.000,2026-05-08 21:43:51.000,799
305,389b0f9b70a342a390c269290b70dca0,2026-05-08 19:43:51.000,2026-05-08 21:43:51.000,2262
306,e8e3945d409a4df290db69af7d0b2bfa,2026-05-08 19:43:51.000,2026-05-08 21:43:51.000,901
307,ba794ff68e104062ae5870a3ce6b5739,2026-05-08 19:43:51.000,2026-05-08 21:43:51.000,360
308,549e06ec360c403f99747ebc9c84cd62,2026-05-08 19:43:51.000,2026-05-08 21:43:51.000,2474
309,f276582e3080403abeee9b4e9d86f83a,2026-05-08 19:43:51.000,2026-05-08 21:43:51.000,2784
310,b2ffd75e2d9a41c9b55aaa04b7ca3a9c,2026-05-08 19:43:51.000,2026-05-08 21:43:51.000,2691
311,ec438f4f3d544b86b9574af96ccfe352,2026-05-08 19:43:51.000,2026-05-08 21:43:51.000,1416
312,9fcc2e3efe944245821807905c11bd04,2026-05-08 19:43:51.000,2026-05-08 21:43:51.000,93
313,e7d6ba27dd204c1da8f1f59684a04b12,2026-05-08 19:43:51.000,2026-05-08 21:43:51.000,2281
314,f69444849df64a8bad145cf116b2b1fb,2026-05-08 19:43:51.000,2026-05-08 21:43:51.000,529
315,21eddb800d384ddb859810144c875122,2026-05-08 19:43:51.000,2026-05-08 21:43:51.000,683
316,ac9cf291e82e425c92caebb1e1203055,2026-05-08 19:43:51.000,2026-05-08 21:43:51.000,270
317,ce4784f8833c4d52acccfbe72b792e68,2026-05-08 19:43:51.000,2026-05-08 21:43:51.000,2612
318,86c87ca138b940708a9eb003bd8ffc88,2026-05-08 19:43:51.000,2026-05-08 21:43:51.000,1409
319,d1723780eee343a5b99b1533ce08f7ce,2026-05-08 19:43:51.000,2026-05-08 21:43:51.000,2015
320,1287ee6bb35047fe9528b71b8774cafb,2026-05-08 19:43:51.000,2026-05-08 21:43:51.000,847
321,33ee6c43eeb94131875f537640d7bfe3,2026-05-08 19:43:51.000,2026-05-08 21:43:51.000,2064
322,6e2e5a388bff462d9370c5aa4e99529c,2026-05-08 19:43:51.000,2026-05-08 21:43:51.000,1435
323,bb7380e214524452aefe6a52d7222f4a,2026-05-08 19:43:51.000,2026-05-08 21:43:51.000,919
324,d2f54ef4b36a407a96a4f82ded154d0d,2026-05-08 19:43:51.000,2026-05-08 21:43:51.000,773
325,d7fbf92075ba42a98ce0beece39fb3df,2026-05-08 19:43:51.000,2026-05-08 21:43:51.000,1934
326,df227f27041749e69e43be9514cf2e01,2026-05-08 19:43:51.000,2026-05-08 21:43:51.000,2733
327,acecf8f7f8754b83b050da60aec55d04,2026-05-08 19:43:51.000,2026-05-08 21:43:51.000,52
328,713a9abfab714995a3a2651e151f97ff,2026-05-08 19:43:51.000,2026-05-08 21:43:51.000,1692
329,3b1af3e6831b4b15a5948811c931a6f9,2026-05-08 19:43:51.000,2026-05-08 21:43:51.000,1850
330,0e8091d323e549e9aadcfb3b65efaa74,2026-05-08 19:43:51.000,2026-05-08 21:43:51.000,1403
331,b65c78387a2c400082388349c9653301,2026-05-08 19:43:51.000,2026-05-08 21:43:51.000,1274
332,7597cf6ebcd64da99ba206dad2a12575,2026-05-08 19:43:51.000,2026-05-08 21:43:51.000,2679
333,af56209c590648c9a0c87db5537d9f41,2026-05-08 19:43:51.000,2026-05-08 21:43:51.000,1186
334,eca153199ee84df0aa8efa04c5acacca,2026-05-08 19:43:51.000,2026-05-08 21:43:51.000,1143
335,ac36be70bfcf4b47a334479f87569f5e,2026-05-08 19:43:51.000,2026-05-08 21:43:51.000,402
336,85ad096b84ed49eaa029cbc2b990f449,2026-05-08 19:43:51.000,2026-05-08 21:43:51.000,1499
337,9a284b1a78504894861a8fdc5955b62b,2026-05-08 19:43:51.000,2026-05-08 21:43:51.000,2672
338,254d859d410b498e92bc1bcc12171dd8,2026-05-08 19:43:51.000,2026-05-08 21:43:51.000,504
339,a05bfb9ecfe148e1b41bb3cc0b003e3c,2026-05-08 19:43:51.000,2026-05-08 21:43:51.000,594
340,740242acd1fe4c02a6dbef83589428f7,2026-05-08 19:43:51.000,2026-05-08 21:43:51.000,1970
341,991516251e464bd6a53fc8ea336bd0d9,2026-05-08 19:43:51.000,2026-05-08 21:43:51.000,1399
342,a04d52c0c0ef4f8ea854fc047992084a,2026-05-08 19:43:51.000,2026-05-08 21:43:51.000,296
343,55f1e3b7733b4632b339eede4224c5ea,2026-05-08 19:43:51.000,2026-05-08 21:43:51.000,1219
344,07948be1f87243f29dcb01f689a71d80,2026-05-08 19:43:51.000,2026-05-08 21:43:51.000,2186
345,9303fd86f319401a856b36acbccf0c1e,2026-05-08 19:43:51.000,2026-05-08 21:43:51.000,379
346,d23980f4bf2d4413bde404b65177aa9b,2026-05-08 19:43:51.000,2026-05-08 21:43:51.000,2611
347,d8b0dd6be1484cbcb21411878f6e48cc,2026-05-08 19:43:51.000,2026-05-08 21:43:51.000,1574
348,a73ca9d1e0f24e749b4571c2826316d2,2026-05-08 19:43:51.000,2026-05-08 21:43:51.000,2095
349,c41b08cbe26c4ae6b78add560cf89909,2026-05-08 19:43:51.000,2026-05-08 21:43:51.000,1726
350,fb1966bf8d5a45379afeb461fa65ce2b,2026-05-08 19:43:51.000,2026-05-08 21:43:51.000,2413
351,c1ddcf308c3f42a498b95f3dc1f334c1,2026-05-08 19:43:51.000,2026-05-08 21:43:51.000,427
352,d687047ab12041ebaa0911411dc50671,2026-05-08 19:43:51.000,2026-05-08 21:43:51.000,1204
353,96bee755128b4e1b917eb63eb1322460,2026-05-08 19:43:51.000,2026-05-08 21:43:51.000,1766
354,fb88c94828f848608ee5cbfa6c001194,2026-05-08 19:43:51.000,2026-05-08 21:43:51.000,2166
355,c478f12cd917495b8c71aac9b0a205e3,2026-05-08 19:43:51.000,2026-05-08 21:43:51.000,1429
356,6f9db203dbde4a11b66124c2aec528a0,2026-05-08 19:43:51.000,2026-05-08 21:43:51.000,1902
357,7599f743020a44028f704403855d5116,2026-05-08 19:43:51.000,2026-05-08 21:43:51.000,88
358,902ba301e1e341f1a5e712af7e3c6f5c,2026-05-08 19:43:51.000,2026-05-08 21:43:51.000,602
359,9d95e50a557442d7aa58db308d0ee0be,2026-05-08 19:43:51.000,2026-05-08 21:43:51.000,1272
360,ba2a629eda5c4205a17f173bc0826840,2026-05-08 19:43:51.000,2026-05-08 21:43:51.000,2727
361,9079884fd6e2453d9926ab8d51b84542,2026-05-08 19:43:51.000,2026-05-08 21:43:51.000,1271
362,087804716ee643508d7150d71007f0ae,2026-05-08 19:43:51.000,2026-05-08 21:43:51.000,409
363,92a139d8ede64fba9471b9144379636d,2026-05-08 19:43:51.000,2026-05-08 21:43:51.000,203
364,e27d91ee97094d35b0f039d97dd9e314,2026-05-08 19:43:51.000,2026-05-08 21:43:51.000,577
365,33e0f7a0f96c4ac2ad8607edb93622ef,2026-05-08 19:43:51.000,2026-05-08 21:43:51.000,1196
366,0b3c78fa70e64b0b910c30b50e86b4e0,2026-05-08 19:43:51.000,2026-05-08 21:43:51.000,2384
367,077189dc4c5248d5a1e2ab13f6a443b1,2026-05-08 19:43:51.000,2026-05-08 21:43:51.000,2018
368,83ad87299e6248a5b707d243d77b3ad0,2026-05-08 19:43:51.000,2026-05-08 21:43:51.000,1266
369,169c0434488a4ef692e2c5b0e84bcb41,2026-05-08 19:43:51.000,2026-05-08 21:43:51.000,788
370,4f8893c7cd594b94a4e7686fc145341f,2026-05-08 19:43:51.000,2026-05-08 21:43:51.000,1901
371,1ce4e17de9da40a5ac941d4b14fb0760,2026-05-08 19:43:51.000,2026-05-08 21:43:51.000,2537
372,6beb7ce61dcf4093b1deac0042e5051d,2026-05-08 19:43:51.000,2026-05-08 21:43:51.000,523
373,b9ce75633d6040d898f4f6280892ffdf,2026-05-08 19:43:51.000,2026-05-08 21:43:51.000,2427
374,fb7e2b109e5c452a97c9554d33e1e565,2026-05-08 19:43:51.000,2026-05-08 21:43:51.000,1858
375,05ab051f436247a3afeba30380208319,2026-05-08 19:43:51.000,2026-05-08 21:43:51.000,2389
376,458da7af6c024dfeb03f5ab9328be516,2026-05-08 19:43:51.000,2026-05-08 21:43:51.000,625
377,f7cef52f78464cb199f3edfc7f1e2100,2026-05-08 19:43:51.000,2026-05-08 21:43:51.000,232
378,f492b6895498436cbffa83303c7b94ad,2026-05-08 19:43:51.000,2026-05-08 21:43:51.000,2412
379,dfbd18bd36c244d495a495a1d57d5300,2026-05-08 19:43:51.000,2026-05-08 21:43:51.000,1350
380,e1352a3d4fa34a859d317b95044ea6ff,2026-05-08 19:43:51.000,2026-05-08 21:43:51.000,2322
381,acbd746460de4ff8889856ef070ab93a,2026-05-08 19:43:51.000,2026-05-08 21:43:51.000,472
382,0ba64f82f4cd4a518c1aed98d9db5774,2026-05-08 19:43:51.000,2026-05-08 21:43:51.000,314
383,773f41beb8ed4088a205d0ec5a7a17b3,2026-05-08 19:43:51.000,2026-05-08 21:43:51.000,2183
384,eba9c4bae41544b5b30e2109880f2364,2026-05-08 19:43:51.000,2026-05-08 21:43:51.000,935
385,7f063d58e86d40209f6b9a5b38cb1f0e,2026-05-08 19:43:51.000,2026-05-08 21:43:51.000,2164
386,a511d35a51f1476da1f4db6a5438bbe6,2026-05-08 19:43:51.000,2026-05-08 21:43:51.000,669
387,118ad84bf674445eb03e6f936da8dc80,2026-05-08 19:43:51.000,2026-05-08 21:43:51.000,224
388,6f8efab1f4e04df6994368aa90cab018,2026-05-08 19:43:51.000,2026-05-08 21:43:51.000,2120
389,9794a6236e4b434cb7381ba85b135d7d,2026-05-08 19:43:51.000,2026-05-08 21:43:51.000,506
390,85a1329bb2c0492ca087dc0af825abf0,2026-05-08 19:43:51.000,2026-05-08 21:43:51.000,2153
391,e880ce5c3c0346688fa4d4bcea0a3d30,2026-05-08 19:43:51.000,2026-05-08 21:43:51.000,991
392,a14371ce1ffc48e7bef1fe9b13533fb9,2026-05-08 19:43:51.000,2026-05-08 21:43:51.000,1295
393,e2fb05eb5bb04ceba56747b24b587469,2026-05-08 19:43:51.000,2026-05-08 21:43:51.000,1578
394,53722fecfd784c07ad57ed97ab333de3,2026-05-08 19:43:51.000,2026-05-08 21:43:51.000,1876
395,00f1958b377e46e684f812ff2ccd46b3,2026-05-08 19:43:51.000,2026-05-08 21:43:51.000,2623
396,e029d38c0c964d2abdccf5865b059857,2026-05-08 19:43:51.000,2026-05-08 21:43:51.000,2478
397,a883fc83b6f14e99939a75b743a67c2d,2026-05-08 19:43:51.000,2026-05-08 21:43:51.000,1788
398,40a357e49de144fe832f217ca39c8712,2026-05-08 19:43:51.000,2026-05-08 21:43:51.000,1011
399,ede07143a81948b4bd3b08235ae12780,2026-05-08 19:43:51.000,2026-05-08 21:43:51.000,468
400,668ac90ec91a491ba0dadec587cef398,2026-05-08 19:43:51.000,2026-05-08 21:43:51.000,1345
401,3caddb12f35347308047d433c24fd62f,2026-05-08 19:43:51.000,2026-05-08 21:43:51.000,2074
402,0df8d421859c4cd7b78d9d6278a6eeb7,2026-05-08 19:43:51.000,2026-05-08 21:43:51.000,1825
403,45771a1380d84edbb15bcdb0316b08e0,2026-05-08 19:43:51.000,2026-05-08 21:43:51.000,2198
404,afa862787414458bb20bd6a672000b02,2026-05-08 19:43:51.000,2026-05-08 21:43:51.000,2552
405,65a35c3a4e1b41b298f09a6f957d0846,2026-05-08 19:43:51.000,2026-05-08 21:43:51.000,989
406,3a02a323333c41d2830325663bdc64ee,2026-05-08 19:43:51.000,2026-05-08 21:43:51.000,1180
407,faabcd893dde4eb7a21fb83e1e9d4bc2,2026-05-08 19:43:51.000,2026-05-08 21:43:51.000,930
408,4971c74660ed45c1a46372281769fb24,2026-05-08 19:43:51.000,2026-05-08 21:43:51.000,2437
409,f401660842fe4ac1959c71b2bcbacb93,2026-05-08 19:43:51.000,2026-05-08 21:43:51.000,1480
410,237dd5b4c1a94eed9a416a0405a418af,2026-05-08 19:43:51.000,2026-05-08 21:43:51.000,2337
411,c5a48a0e934947aaa6e1e98f8335d682,2026-05-08 19:43:51.000,2026-05-08 21:43:51.000,436
412,0390415aceac4b64ba1b31cff03e1c71,2026-05-08 19:43:51.000,2026-05-08 21:43:51.000,1423
413,1e109f7c9cb447bd957fde1ffbf60c24,2026-05-08 19:43:51.000,2026-05-08 21:43:51.000,2308
414,09ab5c8a748d4ffd9fdfdc3602ce47a5,2026-05-08 19:43:51.000,2026-05-08 21:43:51.000,881
415,5e243b97c0cc45cbba82dd09488372fc,2026-05-08 19:43:51.000,2026-05-08 21:43:51.000,2362
416,f62095206a664799a0b20c08d36ee4aa,2026-05-08 19:43:51.000,2026-05-08 21:43:51.000,1212
417,47853ee9fbbf4062ada9968e9d443c33,2026-05-08 19:43:51.000,2026-05-08 21:43:51.000,194
418,1ba52112bc4543b4bbb13a3798c042cb,2026-05-08 19:43:51.000,2026-05-08 21:43:51.000,808
