id,uid,name,start_date,end_date,business_id
1,0319bfd0,Quarterly Giveaway,2026-02-07 19:43:51.000,2026-03-07 19:43:51.000,1
2,b32aa07e,Special Prize Draw,2026-02-07 19:43:51.000,2026-03-07 19:43:51.000,3
3,edff3981,Quarterly Giveaway,2026-02-07 19:43:51.000,2026-02-23 19:43:51.000,3
4,0c43fdec,Grand Prize Draw,2026-02-07 19:43:51.000,2026-02-18 19:43:51.000,3
5,32c92770,Grand Prize Draw,2026-02-07 19:43:51.000,2026-02-19 19:43:51.000,4
6,8c7be861,Special Prize Draw,2026-02-07 19:43:51.000,2026-03-01 19:43:51.000,4
7,1ff9c4b1,Grand Prize Draw,2026-02-07 19:43:51.000,2026-03-05 19:43:51.000,5
8,b522e869,Monthly Raffle,2026-02-07 19:43:51.000,2026-02-26 19:43:51.000,5
9,d7df11ff,Grand Prize Draw,2026-02-07 19:43:51.000,2026-02-18 19:43:51.000,5
10,ed274c56,Monthly Raffle,2026-02-07 19:43:51.000,2026-02-20 19:43:51.000,9
11,d72653b5,Quarterly Giveaway,2026-02-07 19:43:51.000,2026-02-27 19:43:51.000,9
12,2dce7299,Quarterly Giveaway,2026-02-07 19:43:51.000,2026-02-28 19:43:51.000,9
13,21b9779c,Monthly Raffle,2026-02-07 19:43:51.000,2026-02-15 19:43:51.000,10
14,37bac4ba,Monthly Raffle,2026-02-07 19:43:51.000,2026-02-23 19:43:51.000,17
15,ebb81b48,Quarterly Giveaway,2026-02-07 19:43:51.000,2026-02-21 19:43:51.000,20
16,a8b99a3e,Monthly Raffle,2026-02-07 19:43:51.000,2026-03-04 19:43:51.000,20
17,65a7e256,Grand Prize Draw,2026-02-07 19:43:51.000,2026-02-20 19:43:51.000,20
18,e208bb9b,Grand Prize Draw,2026-02-07 19:43:51.000,2026-03-05 19:43:51.000,26
19,c04d88c6,Quarterly Giveaway,2026-02-07 19:43:51.000,2026-02-16 19:43:51.000,26
20,60bb048e,Special Prize Draw,2026-02-07 19:43:51.000,2026-02-25 19:43:51.000,31
21,77b3e88b,Quarterly Giveaway,2026-02-07 19:43:51.000,2026-03-01 19:43:51.000,32
22,e643447a,Quarterly Giveaway,2026-02-07 19:43:51.000,2026-02-21 19:43:51.000,32
23,83ee011a,Monthly Raffle,2026-02-07 19:43:51.000,2026-03-09 19:43:51.000,33
24,52511731,Grand Prize Draw,2026-02-07 19:43:51.000,2026-02-25 19:43:51.000,33
25,c6245cb9,Monthly Raffle,2026-02-07 19:43:51.000,2026-02-16 19:43:51.000,33
26,a40b6e92,Quarterly Giveaway,2026-02-07 19:43:51.000,2026-02-16 19:43:51.000,35
27,3a421747,Grand Prize Draw,2026-02-07 19:43:51.000,2026-02-17 19:43:51.000,40
28,44ba5830,Special Prize Draw,2026-02-07 19:43:51.000,2026-03-09 19:43:51.000,40
29,f96e035e,Special Prize Draw,2026-02-07 19:43:51.000,2026-02-28 19:43:51.000,40
30,d2b6de5c,Quarterly Giveaway,2026-02-07 19:43:51.000,2026-02-16 19:43:51.000,43
31,9baf1e97,Special Prize Draw,2026-02-07 19:43:51.000,2026-02-27 19:43:51.000,43
32,d90fb9f7,Quarterly Giveaway,2026-02-07 19:43:51.000,2026-02-17 19:43:51.000,45
33,7236e224,Monthly Raffle,2026-02-07 19:43:51.000,2026-03-03 19:43:51.000,47
34,39de0368,Grand Prize Draw,2026-02-07 19:43:51.000,2026-03-01 19:43:51.000,48
35,a9c53b39,Special Prize Draw,2026-02-07 19:43:51.000,2026-02-15 19:43:51.000,52
36,22088e8e,Grand Prize Draw,2026-02-07 19:43:51.000,2026-03-03 19:43:51.000,56
37,e70348bf,Grand Prize Draw,2026-02-07 19:43:51.000,2026-02-19 19:43:51.000,56
38,0d48059c,Monthly Raffle,2026-02-07 19:43:51.000,2026-02-18 19:43:51.000,58
39,7d1e70fb,Monthly Raffle,2026-02-07 19:43:51.000,2026-02-20 19:43:51.000,59
40,09cf817a,Monthly Raffle,2026-02-07 19:43:51.000,2026-02-19 19:43:51.000,61
41,b7f48eff,Quarterly Giveaway,2026-02-07 19:43:51.000,2026-02-17 19:43:51.000,66
42,4ebd4e70,Grand Prize Draw,2026-02-07 19:43:51.000,2026-02-19 19:43:51.000,66
43,b3d7dc42,Monthly Raffle,2026-02-07 19:43:51.000,2026-02-18 19:43:51.000,69
44,165ff912,Special Prize Draw,2026-02-07 19:43:51.000,2026-02-17 19:43:51.000,73
45,a67e174a,Quarterly Giveaway,2026-02-07 19:43:51.000,2026-03-02 19:43:51.000,73
46,d6f4c99d,Quarterly Giveaway,2026-02-07 19:43:51.000,2026-02-18 19:43:51.000,74
47,0c718907,Quarterly Giveaway,2026-02-07 19:43:51.000,2026-02-22 19:43:51.000,74
48,be641909,Quarterly Giveaway,2026-02-07 19:43:51.000,2026-03-02 19:43:51.000,74
49,131d5e84,Quarterly Giveaway,2026-02-07 19:43:51.000,2026-02-18 19:43:51.000,82
50,d249bf6e,Grand Prize Draw,2026-02-07 19:43:51.000,2026-02-24 19:43:51.000,86
51,f088f2f8,Monthly Raffle,2026-02-07 19:43:51.000,2026-02-19 19:43:51.000,86
52,b321dffe,Special Prize Draw,2026-02-07 19:43:51.000,2026-02-21 19:43:51.000,86
53,6c21675b,Monthly Raffle,2026-02-07 19:43:51.000,2026-03-04 19:43:51.000,87
54,e9db8c0a,Special Prize Draw,2026-02-07 19:43:51.000,2026-03-03 19:43:51.000,87
55,238be05d,Special Prize Draw,2026-02-07 19:43:51.000,2026-03-04 19:43:51.000,87
56,54af4009,Special Prize Draw,2026-02-07 19:43:51.000,2026-03-09 19:43:51.000,92
57,cd34e880,Grand Prize Draw,2026-02-07 19:43:51.000,2026-03-07 19:43:51.000,92
58,7fdb51d8,Quarterly Giveaway,2026-02-07 19:43:51.000,2026-02-16 19:43:51.000,96
59,1bd1d99b,Special Prize Draw,2026-02-07 19:43:51.000,2026-02-14 19:43:51.000,96
60,8c71b651,Quarterly Giveaway,2026-02-07 19:43:51.000,2026-02-21 19:43:51.000,98
61,4b097e49,Quarterly Giveaway,2026-02-07 19:43:51.000,2026-02-17 19:43:51.000,98
62,10b0a74e,Grand Prize Draw,2026-02-07 19:43:51.000,2026-03-06 19:43:51.000,98
63,edfa5cb7,Grand Prize Draw,2026-02-07 19:43:51.000,2026-03-02 19:43:51.000,99
64,6ae7360c,Quarterly Giveaway,2026-02-07 19:43:51.000,2026-03-04 19:43:51.000,99
65,6ba8259e,Monthly Raffle,2026-02-07 19:43:51.000,2026-03-06 19:43:51.000,99
66,c31e533a,Monthly Raffle,2026-02-07 19:43:51.000,2026-02-28 19:43:51.000,104
67,12d5ca1c,Quarterly Giveaway,2026-02-07 19:43:51.000,2026-02-18 19:43:51.000,104
68,308fbae4,Special Prize Draw,2026-02-07 19:43:51.000,2026-02-25 19:43:51.000,106
69,af8ce1bd,Monthly Raffle,2026-02-07 19:43:51.000,2026-03-09 19:43:51.000,106
70,87bd70db,Grand Prize Draw,2026-02-07 19:43:51.000,2026-03-02 19:43:51.000,106
71,e6df21ce,Monthly Raffle,2026-02-07 19:43:51.000,2026-03-03 19:43:51.000,109
72,d08e28df,Special Prize Draw,2026-02-07 19:43:51.000,2026-02-23 19:43:51.000,113
73,0fdf82e7,Grand Prize Draw,2026-02-07 19:43:51.000,2026-03-05 19:43:51.000,113
74,ae843138,Quarterly Giveaway,2026-02-07 19:43:51.000,2026-02-18 19:43:51.000,114
75,d6314a37,Quarterly Giveaway,2026-02-07 19:43:51.000,2026-02-27 19:43:51.000,114
76,89154531,Special Prize Draw,2026-02-07 19:43:51.000,2026-02-28 19:43:51.000,114
77,5c1d8a38,Monthly Raffle,2026-02-07 19:43:51.000,2026-03-05 19:43:51.000,115
78,35e23e0c,Grand Prize Draw,2026-02-07 19:43:51.000,2026-03-09 19:43:51.000,115
79,90a81db3,Monthly Raffle,2026-02-07 19:43:51.000,2026-02-27 19:43:51.000,116
80,66fe391d,Grand Prize Draw,2026-02-07 19:43:51.000,2026-03-05 19:43:51.000,116
81,12471e0f,Monthly Raffle,2026-02-07 19:43:51.000,2026-02-16 19:43:51.000,129
82,4be639cb,Special Prize Draw,2026-02-07 19:43:51.000,2026-02-18 19:43:51.000,129
83,ace0672c,Quarterly Giveaway,2026-02-07 19:43:51.000,2026-02-18 19:43:51.000,129
84,10f765f5,Quarterly Giveaway,2026-02-07 19:43:51.000,2026-02-17 19:43:51.000,132
85,9e725ce8,Special Prize Draw,2026-02-07 19:43:51.000,2026-03-05 19:43:51.000,132
86,d0cbb6e8,Monthly Raffle,2026-02-07 19:43:51.000,2026-03-05 19:43:51.000,132
87,ca0be9be,Special Prize Draw,2026-02-07 19:43:51.000,2026-02-24 19:43:51.000,133
88,14fc683e,Quarterly Giveaway,2026-02-07 19:43:51.000,2026-02-26 19:43:51.000,133
89,895d5650,Quarterly Giveaway,2026-02-07 19:43:51.000,2026-02-22 19:43:51.000,137
90,513a7e41,Special Prize Draw,2026-02-07 19:43:51.000,2026-02-14 19:43:51.000,137
91,b850e0b6,Quarterly Giveaway,2026-02-07 19:43:51.000,2026-03-09 19:43:51.000,139
92,eb961fd6,Special Prize Draw,2026-02-07 19:43:51.000,2026-02-26 19:43:51.000,145
93,aa267452,Special Prize Draw,2026-02-07 19:43:51.000,2026-03-02 19:43:51.000,145
94,8906280c,Monthly Raffle,2026-02-07 19:43:51.000,2026-02-14 19:43:51.000,147
95,b94f397e,Grand Prize Draw,2026-02-07 19:43:51.000,2026-02-20 19:43:51.000,147
96,c6230670,Grand Prize Draw,2026-02-07 19:43:51.000,2026-02-23 19:43:51.000,148
97,87d764a6,Special Prize Draw,2026-02-07 19:43:51.000,2026-03-06 19:43:51.000,149
98,d7e738d1,Quarterly Giveaway,2026-02-07 19:43:51.000,2026-03-09 19:43:51.000,149
99,3c15457f,Quarterly Giveaway,2026-02-07 19:43:51.000,2026-03-03 19:43:51.000,150
100,e3be5466,Quarterly Giveaway,2026-02-07 19:43:51.000,2026-02-26 19:43:51.000,151
101,f012de56,Grand Prize Draw,2026-02-07 19:43:51.000,2026-02-20 19:43:51.000,156
102,65879983,Special Prize Draw,2026-02-07 19:43:51.000,2026-02-28 19:43:51.000,157
103,71ba6ff9,Monthly Raffle,2026-02-07 19:43:51.000,2026-03-07 19:43:51.000,158
104,4e92ab7a,Quarterly Giveaway,2026-02-07 19:43:51.000,2026-02-28 19:43:51.000,162
105,0d1a1995,Quarterly Giveaway,2026-02-07 19:43:51.000,2026-02-19 19:43:51.000,162
106,d55db531,Quarterly Giveaway,2026-02-07 19:43:51.000,2026-02-28 19:43:51.000,164
107,03b2ebee,Quarterly Giveaway,2026-02-07 19:43:51.000,2026-02-19 19:43:51.000,165
108,f3dc0757,Monthly Raffle,2026-02-07 19:43:51.000,2026-02-25 19:43:51.000,165
109,130c86d1,Quarterly Giveaway,2026-02-07 19:43:51.000,2026-02-27 19:43:51.000,165
110,9a5466be,Grand Prize Draw,2026-02-07 19:43:51.000,2026-03-05 19:43:51.000,166
111,ba5b72e6,Grand Prize Draw,2026-02-07 19:43:51.000,2026-02-15 19:43:51.000,167
112,430b585d,Grand Prize Draw,2026-02-07 19:43:51.000,2026-02-22 19:43:51.000,167
113,928b2653,Special Prize Draw,2026-02-07 19:43:51.000,2026-02-26 19:43:51.000,167
114,c9af76f8,Grand Prize Draw,2026-02-07 19:43:51.000,2026-03-02 19:43:51.000,170
115,271c64fb,Grand Prize Draw,2026-02-07 19:43:51.000,2026-03-09 19:43:51.000,171
116,2a1ec31b,Monthly Raffle,2026-02-07 19:43:51.000,2026-03-07 19:43:51.000,171
117,451518ab,Special Prize Draw,2026-02-07 19:43:51.000,2026-02-26 19:43:51.000,171
118,62ae1337,Special Prize Draw,2026-02-07 19:43:51.000,2026-03-09 19:43:51.000,177
119,5212b979,Special Prize Draw,2026-02-07 19:43:51.000,2026-02-19 19:43:51.000,177
120,a8ad82dc,Quarterly Giveaway,2026-02-07 19:43:51.000,2026-02-19 19:43:51.000,177
121,813bebff,Monthly Raffle,2026-02-07 19:43:51.000,2026-02-26 19:43:51.000,179
122,1013c3c8,Special Prize Draw,2026-02-07 19:43:51.000,2026-02-28 19:43:51.000,180
123,9d789c53,Monthly Raffle,2026-02-07 19:43:51.000,2026-02-21 19:43:51.000,180
124,8b77f24f,Grand Prize Draw,2026-02-07 19:43:51.000,2026-03-06 19:43:51.000,180
125,9ffd35e5,Quarterly Giveaway,2026-02-07 19:43:51.000,2026-02-17 19:43:51.000,182
126,1bdd2403,Special Prize Draw,2026-02-07 19:43:51.000,2026-03-07 19:43:51.000,182
127,5f263009,Special Prize Draw,2026-02-07 19:43:51.000,2026-03-05 19:43:51.000,182
128,a254fb85,Special Prize Draw,2026-02-07 19:43:51.000,2026-02-24 19:43:51.000,185
129,565bf400,Quarterly Giveaway,2026-02-07 19:43:51.000,2026-03-02 19:43:51.000,195
130,6aee8cbd,Special Prize Draw,2026-02-07 19:43:51.000,2026-02-19 19:43:51.000,195
131,167a655f,Special Prize Draw,2026-02-07 19:43:51.000,2026-03-04 19:43:51.000,198
132,6ec6e2e8,Quarterly Giveaway,2026-02-07 19:43:51.000,2026-02-22 19:43:51.000,204
133,e300c942,Monthly Raffle,2026-02-07 19:43:51.000,2026-02-28 19:43:51.000,212
134,ff4bc616,Monthly Raffle,2026-02-07 19:43:51.000,2026-03-09 19:43:51.000,214
135,af481d5b,Monthly Raffle,2026-02-07 19:43:51.000,2026-03-09 19:43:51.000,214
136,d0255284,Monthly Raffle,2026-02-07 19:43:51.000,2026-02-17 19:43:51.000,223
137,59c11e25,Quarterly Giveaway,2026-02-07 19:43:51.000,2026-02-22 19:43:51.000,223
138,99a9f808,Monthly Raffle,2026-02-07 19:43:51.000,2026-03-05 19:43:51.000,223
139,62d997b1,Quarterly Giveaway,2026-02-07 19:43:51.000,2026-02-20 19:43:51.000,225
140,3c8d270f,Grand Prize Draw,2026-02-07 19:43:51.000,2026-03-08 19:43:51.000,225
141,8ebb431e,Grand Prize Draw,2026-02-07 19:43:51.000,2026-02-23 19:43:51.000,225
142,75336d9f,Special Prize Draw,2026-02-07 19:43:51.000,2026-02-16 19:43:51.000,226
143,a2c8557d,Special Prize Draw,2026-02-07 19:43:51.000,2026-03-07 19:43:51.000,227
144,9a060f69,Quarterly Giveaway,2026-02-07 19:43:51.000,2026-03-06 19:43:51.000,228
145,9bb3245d,Special Prize Draw,2026-02-07 19:43:51.000,2026-02-15 19:43:51.000,228
146,7db5a704,Quarterly Giveaway,2026-02-07 19:43:51.000,2026-02-23 19:43:51.000,228
147,897e8e94,Grand Prize Draw,2026-02-07 19:43:51.000,2026-02-23 19:43:51.000,230
148,0eea5ba0,Monthly Raffle,2026-02-07 19:43:51.000,2026-03-06 19:43:51.000,232
149,99046659,Quarterly Giveaway,2026-02-07 19:43:51.000,2026-02-23 19:43:51.000,232
150,02ff116b,Grand Prize Draw,2026-02-07 19:43:51.000,2026-03-02 19:43:51.000,232
151,a9f86405,Grand Prize Draw,2026-02-07 19:43:51.000,2026-03-07 19:43:51.000,233
152,6090dadb,Special Prize Draw,2026-02-07 19:43:51.000,2026-02-27 19:43:51.000,235
153,b7be2f78,Special Prize Draw,2026-02-07 19:43:51.000,2026-02-15 19:43:51.000,248
154,d161e3d2,Monthly Raffle,2026-02-07 19:43:51.000,2026-02-18 19:43:51.000,248
155,a21b815d,Special Prize Draw,2026-02-07 19:43:51.000,2026-02-20 19:43:51.000,248
156,74a4fcbb,Grand Prize Draw,2026-02-07 19:43:51.000,2026-03-03 19:43:51.000,251
157,b21840e2,Grand Prize Draw,2026-02-07 19:43:51.000,2026-02-19 19:43:51.000,251
158,cb0f2a0f,Grand Prize Draw,2026-02-07 19:43:51.000,2026-02-26 19:43:51.000,251
159,d22274b3,Monthly Raffle,2026-02-07 19:43:51.000,2026-03-05 19:43:51.000,252
160,20f03562,Special Prize Draw,2026-02-07 19:43:51.000,2026-03-04 19:43:51.000,255
161,cf56c1cf,Quarterly Giveaway,2026-02-07 19:43:51.000,2026-02-23 19:43:51.000,256
162,737a5d0a,Grand Prize Draw,2026-02-07 19:43:51.000,2026-03-08 19:43:51.000,265
163,59e6c9a6,Grand Prize Draw,2026-02-07 19:43:51.000,2026-03-06 19:43:51.000,277
164,2246de3a,Special Prize Draw,2026-02-07 19:43:51.000,2026-02-14 19:43:51.000,277
165,0760bbb1,Grand Prize Draw,2026-02-07 19:43:51.000,2026-03-06 19:43:51.000,277
166,70db7903,Special Prize Draw,2026-02-07 19:43:51.000,2026-03-08 19:43:51.000,290
167,c39e4a19,Monthly Raffle,2026-02-07 19:43:51.000,2026-03-02 19:43:51.000,290
168,3daba997,Monthly Raffle,2026-02-07 19:43:51.000,2026-02-22 19:43:51.000,290
169,934b06a7,Grand Prize Draw,2026-02-07 19:43:51.000,2026-03-04 19:43:51.000,291
170,f73dad73,Special Prize Draw,2026-02-07 19:43:51.000,2026-03-04 19:43:51.000,293
171,37558949,Quarterly Giveaway,2026-02-07 19:43:51.000,2026-02-20 19:43:51.000,293
172,ba1394d7,Special Prize Draw,2026-02-07 19:43:51.000,2026-03-08 19:43:51.000,294
173,b1aaa528,Special Prize Draw,2026-02-07 19:43:51.000,2026-02-15 19:43:51.000,294
174,0c37625b,Quarterly Giveaway,2026-02-07 19:43:51.000,2026-02-23 19:43:51.000,296
175,b472c7f7,Special Prize Draw,2026-02-07 19:43:51.000,2026-02-20 19:43:51.000,296
176,435d8535,Special Prize Draw,2026-02-07 19:43:51.000,2026-02-23 19:43:51.000,296
177,27065a8c,Special Prize Draw,2026-02-07 19:43:51.000,2026-02-24 19:43:51.000,306
178,f78cf25e,Quarterly Giveaway,2026-02-07 19:43:51.000,2026-02-16 19:43:51.000,308
179,45bfcee5,Special Prize Draw,2026-02-07 19:43:51.000,2026-02-15 19:43:51.000,308
180,a3d15418,Grand Prize Draw,2026-02-07 19:43:51.000,2026-02-14 19:43:51.000,311
181,e437176f,Special Prize Draw,2026-02-07 19:43:51.000,2026-03-09 19:43:51.000,315
182,6e7f840d,Monthly Raffle,2026-02-07 19:43:51.000,2026-03-05 19:43:51.000,317
183,285363d1,Monthly Raffle,2026-02-07 19:43:51.000,2026-03-09 19:43:51.000,320
184,f4b91fc6,Special Prize Draw,2026-02-07 19:43:51.000,2026-03-02 19:43:51.000,326
185,20c69642,Special Prize Draw,2026-02-07 19:43:51.000,2026-02-27 19:43:51.000,326
186,4950cc41,Monthly Raffle,2026-02-07 19:43:51.000,2026-02-14 19:43:51.000,326
187,7e4a46bc,Quarterly Giveaway,2026-02-07 19:43:51.000,2026-02-16 19:43:51.000,329
188,ece9082a,Grand Prize Draw,2026-02-07 19:43:51.000,2026-02-16 19:43:51.000,329
189,6a5b3de0,Special Prize Draw,2026-02-07 19:43:51.000,2026-03-08 19:43:51.000,329
190,53f2f070,Monthly Raffle,2026-02-07 19:43:51.000,2026-02-20 19:43:51.000,331
191,8c0e3849,Quarterly Giveaway,2026-02-07 19:43:51.000,2026-02-23 19:43:51.000,334
192,458a59ac,Special Prize Draw,2026-02-07 19:43:51.000,2026-02-28 19:43:51.000,334
193,b3956872,Quarterly Giveaway,2026-02-07 19:43:51.000,2026-02-24 19:43:51.000,334
194,08c44ea6,Monthly Raffle,2026-02-07 19:43:51.000,2026-02-14 19:43:51.000,338
195,69db89b8,Grand Prize Draw,2026-02-07 19:43:51.000,2026-03-01 19:43:51.000,338
196,212e8070,Quarterly Giveaway,2026-02-07 19:43:51.000,2026-02-19 19:43:51.000,339
197,5d4d6752,Special Prize Draw,2026-02-07 19:43:51.000,2026-03-07 19:43:51.000,339
198,aba3f105,Quarterly Giveaway,2026-02-07 19:43:51.000,2026-03-03 19:43:51.000,341
199,21429932,Grand Prize Draw,2026-02-07 19:43:51.000,2026-03-06 19:43:51.000,341
200,b0ce8bc1,Monthly Raffle,2026-02-07 19:43:51.000,2026-02-27 19:43:51.000,343
201,a9c97401,Quarterly Giveaway,2026-02-07 19:43:51.000,2026-03-04 19:43:51.000,343
202,062693cd,Special Prize Draw,2026-02-07 19:43:51.000,2026-02-21 19:43:51.000,343
203,d7cb4f24,Special Prize Draw,2026-02-07 19:43:51.000,2026-02-15 19:43:51.000,344
204,97a95c0c,Quarterly Giveaway,2026-02-07 19:43:51.000,2026-03-05 19:43:51.000,344
205,694a4f79,Monthly Raffle,2026-02-07 19:43:51.000,2026-03-06 19:43:51.000,346
206,3b1402b5,Quarterly Giveaway,2026-02-07 19:43:51.000,2026-03-05 19:43:51.000,347
207,ab558db5,Special Prize Draw,2026-02-07 19:43:51.000,2026-02-26 19:43:51.000,348
208,94f5d77e,Grand Prize Draw,2026-02-07 19:43:51.000,2026-03-03 19:43:51.000,348
209,5d59f6d7,Quarterly Giveaway,2026-02-07 19:43:51.000,2026-02-27 19:43:51.000,351
210,3396a716,Monthly Raffle,2026-02-07 19:43:51.000,2026-02-24 19:43:51.000,352
211,60182d3e,Special Prize Draw,2026-02-07 19:43:51.000,2026-02-16 19:43:51.000,352
212,0c6aa80e,Grand Prize Draw,2026-02-07 19:43:51.000,2026-02-15 19:43:51.000,352
213,ad868dcb,Grand Prize Draw,2026-02-07 19:43:51.000,2026-03-08 19:43:51.000,353
214,d861218c,Special Prize Draw,2026-02-07 19:43:51.000,2026-03-06 19:43:51.000,354
215,09d254fe,Monthly Raffle,2026-02-07 19:43:51.000,2026-03-04 19:43:51.000,358
216,c2016137,Grand Prize Draw,2026-02-07 19:43:51.000,2026-03-07 19:43:51.000,358
217,f9f1024b,Special Prize Draw,2026-02-07 19:43:51.000,2026-02-25 19:43:51.000,358
218,91c31e51,Monthly Raffle,2026-02-07 19:43:51.000,2026-02-15 19:43:51.000,362
219,389ea508,Monthly Raffle,2026-02-07 19:43:51.000,2026-02-15 19:43:51.000,362
220,0f7a0363,Special Prize Draw,2026-02-07 19:43:51.000,2026-02-24 19:43:51.000,364
221,256f207b,Monthly Raffle,2026-02-07 19:43:51.000,2026-02-16 19:43:51.000,364
222,de5624e9,Grand Prize Draw,2026-02-07 19:43:51.000,2026-02-24 19:43:51.000,365
223,6bc85d03,Special Prize Draw,2026-02-07 19:43:51.000,2026-02-21 19:43:51.000,365
224,a198b7f8,Grand Prize Draw,2026-02-07 19:43:51.000,2026-03-09 19:43:51.000,371
225,de3d5aa4,Monthly Raffle,2026-02-07 19:43:51.000,2026-03-05 19:43:51.000,371
226,324c7fa8,Quarterly Giveaway,2026-02-07 19:43:51.000,2026-02-24 19:43:51.000,371
227,2ec4bc31,Quarterly Giveaway,2026-02-07 19:43:51.000,2026-03-02 19:43:51.000,373
228,f0cc79f2,Grand Prize Draw,2026-02-07 19:43:51.000,2026-03-06 19:43:51.000,383
229,7e22f0de,Quarterly Giveaway,2026-02-07 19:43:51.000,2026-03-01 19:43:51.000,383
230,a746e125,Grand Prize Draw,2026-02-07 19:43:51.000,2026-02-27 19:43:51.000,385
231,f0bec9c8,Grand Prize Draw,2026-02-07 19:43:51.000,2026-02-22 19:43:51.000,385
232,b4d6a82c,Monthly Raffle,2026-02-07 19:43:51.000,2026-02-16 19:43:51.000,385
233,ffdd0caf,Quarterly Giveaway,2026-02-07 19:43:51.000,2026-02-24 19:43:51.000,386
234,bd14974d,Quarterly Giveaway,2026-02-07 19:43:51.000,2026-02-14 19:43:51.000,386
235,d96edb9f,Monthly Raffle,2026-02-07 19:43:51.000,2026-03-09 19:43:51.000,388
236,a0878fd1,Monthly Raffle,2026-02-07 19:43:51.000,2026-03-04 19:43:51.000,388
237,7257efcf,Grand Prize Draw,2026-02-07 19:43:51.000,2026-03-04 19:43:51.000,388
238,e89cd1eb,Monthly Raffle,2026-02-07 19:43:51.000,2026-03-06 19:43:51.000,392
239,f2a49f7e,Grand Prize Draw,2026-02-07 19:43:51.000,2026-02-25 19:43:51.000,392
240,7ed11f54,Grand Prize Draw,2026-02-07 19:43:51.000,2026-03-05 19:43:51.000,393
241,dfecc38e,Special Prize Draw,2026-02-07 19:43:51.000,2026-03-06 19:43:51.000,393
242,98fadedc,Special Prize Draw,2026-02-07 19:43:51.000,2026-03-07 19:43:51.000,395
243,fd33727f,Monthly Raffle,2026-02-07 19:43:51.000,2026-02-16 19:43:51.000,395
244,9a4c4541,Monthly Raffle,2026-02-07 19:43:51.000,2026-03-05 19:43:51.000,395
245,267d15f4,Grand Prize Draw,2026-02-07 19:43:51.000,2026-02-24 19:43:51.000,406
246,ba9e2080,Grand Prize Draw,2026-02-07 19:43:51.000,2026-02-28 19:43:51.000,406
247,8827767a,Grand Prize Draw,2026-02-07 19:43:51.000,2026-03-07 19:43:51.000,410
248,93288de6,Quarterly Giveaway,2026-02-07 19:43:51.000,2026-02-15 19:43:51.000,411
249,647befcd,Quarterly Giveaway,2026-02-07 19:43:51.000,2026-02-24 19:43:51.000,411
250,71249a7f,Special Prize Draw,2026-02-07 19:43:51.000,2026-02-19 19:43:51.000,412
251,1e2119d0,Special Prize Draw,2026-02-07 19:43:51.000,2026-03-04 19:43:51.000,412
252,5222e251,Monthly Raffle,2026-02-07 19:43:51.000,2026-03-01 19:43:51.000,419
253,d2073af6,Quarterly Giveaway,2026-02-07 19:43:51.000,2026-02-17 19:43:51.000,429
254,472d7695,Special Prize Draw,2026-02-07 19:43:51.000,2026-02-22 19:43:51.000,430
255,45a28e93,Monthly Raffle,2026-02-07 19:43:51.000,2026-02-16 19:43:51.000,431
256,ce65249b,Special Prize Draw,2026-02-07 19:43:51.000,2026-03-09 19:43:51.000,434
257,e5f0619a,Special Prize Draw,2026-02-07 19:43:51.000,2026-03-07 19:43:51.000,434
258,3a346609,Monthly Raffle,2026-02-07 19:43:51.000,2026-02-19 19:43:51.000,434
259,6a001fb7,Special Prize Draw,2026-02-07 19:43:51.000,2026-02-19 19:43:51.000,435
260,16884cb9,Special Prize Draw,2026-02-07 19:43:51.000,2026-02-20 19:43:51.000,435
261,78b8df20,Quarterly Giveaway,2026-02-07 19:43:51.000,2026-02-20 19:43:51.000,440
262,a54740e5,Grand Prize Draw,2026-02-07 19:43:51.000,2026-03-03 19:43:51.000,440
263,836e8664,Grand Prize Draw,2026-02-07 19:43:51.000,2026-03-06 19:43:51.000,440
264,b7635a7d,Special Prize Draw,2026-02-07 19:43:51.000,2026-02-26 19:43:51.000,444
265,3e3a3b61,Grand Prize Draw,2026-02-07 19:43:51.000,2026-03-04 19:43:51.000,444
266,987408ce,Monthly Raffle,2026-02-07 19:43:51.000,2026-03-03 19:43:51.000,444
267,8e588968,Special Prize Draw,2026-02-07 19:43:51.000,2026-03-02 19:43:51.000,448
268,d225c26e,Special Prize Draw,2026-02-07 19:43:51.000,2026-02-17 19:43:51.000,448
269,82ab0806,Monthly Raffle,2026-02-07 19:43:51.000,2026-03-01 19:43:51.000,453
270,0618b2fa,Grand Prize Draw,2026-02-07 19:43:51.000,2026-02-18 19:43:51.000,454
271,43e55f0f,Quarterly Giveaway,2026-02-07 19:43:51.000,2026-02-22 19:43:51.000,454
272,41cff0d2,Special Prize Draw,2026-02-07 19:43:51.000,2026-02-20 19:43:51.000,454
273,585840c5,Special Prize Draw,2026-02-07 19:43:51.000,2026-02-17 19:43:51.000,455
274,c7410687,Grand Prize Draw,2026-02-07 19:43:51.000,2026-03-03 19:43:51.000,456
275,7c874217,Quarterly Giveaway,2026-02-07 19:43:51.000,2026-02-17 19:43:51.000,456
276,d937e2b0,Special Prize Draw,2026-02-07 19:43:51.000,2026-02-15 19:43:51.000,456
277,b5c9766c,Quarterly Giveaway,2026-02-07 19:43:51.000,2026-03-06 19:43:51.000,458
278,1ca6b8c3,Grand Prize Draw,2026-02-07 19:43:51.000,2026-02-21 19:43:51.000,458
279,edbf239f,Monthly Raffle,2026-02-07 19:43:51.000,2026-02-22 19:43:51.000,459
280,36d732e1,Grand Prize Draw,2026-02-07 19:43:51.000,2026-02-14 19:43:51.000,459
281,12262643,Monthly Raffle,2026-02-07 19:43:51.000,2026-03-08 19:43:51.000,459
282,b2747b0f,Monthly Raffle,2026-02-07 19:43:51.000,2026-02-16 19:43:51.000,461
283,2a58fa0c,Grand Prize Draw,2026-02-07 19:43:51.000,2026-02-22 19:43:51.000,463
284,2a51597e,Quarterly Giveaway,2026-02-07 19:43:51.000,2026-02-16 19:43:51.000,463
285,bcad998c,Grand Prize Draw,2026-02-07 19:43:51.000,2026-02-22 19:43:51.000,464
286,909b6331,Monthly Raffle,2026-02-07 19:43:51.000,2026-03-09 19:43:51.000,465
287,f1b40f13,Quarterly Giveaway,2026-02-07 19:43:51.000,2026-02-16 19:43:51.000,466
288,822fe283,Quarterly Giveaway,2026-02-07 19:43:51.000,2026-02-28 19:43:51.000,466
289,e19a2352,Special Prize Draw,2026-02-07 19:43:51.000,2026-03-02 19:43:51.000,466
290,31ad8882,Grand Prize Draw,2026-02-07 19:43:51.000,2026-02-16 19:43:51.000,467
291,4507660d,Grand Prize Draw,2026-02-07 19:43:51.000,2026-03-06 19:43:51.000,467
292,7f0f1bfb,Special Prize Draw,2026-02-07 19:43:51.000,2026-03-07 19:43:51.000,469
293,bb8ab5df,Quarterly Giveaway,2026-02-07 19:43:51.000,2026-02-18 19:43:51.000,469
294,cb8dd4b0,Special Prize Draw,2026-02-07 19:43:51.000,2026-02-18 19:43:51.000,472
295,867ff96f,Monthly Raffle,2026-02-07 19:43:51.000,2026-02-24 19:43:51.000,474
296,62fa9367,Grand Prize Draw,2026-02-07 19:43:51.000,2026-03-06 19:43:51.000,474
297,8110e8bb,Grand Prize Draw,2026-02-07 19:43:51.000,2026-02-18 19:43:51.000,475
298,18128e16,Quarterly Giveaway,2026-02-07 19:43:51.000,2026-02-24 19:43:51.000,477
299,5ba3f32f,Monthly Raffle,2026-02-07 19:43:51.000,2026-03-04 19:43:51.000,478
300,109fa52f,Special Prize Draw,2026-02-07 19:43:51.000,2026-03-01 19:43:51.000,478
301,a5ef6275,Monthly Raffle,2026-02-07 19:43:51.000,2026-02-20 19:43:51.000,479
302,1cd09b2b,Quarterly Giveaway,2026-02-07 19:43:51.000,2026-02-26 19:43:51.000,479
303,91da33e5,Quarterly Giveaway,2026-02-07 19:43:51.000,2026-03-07 19:43:51.000,481
304,b6683184,Quarterly Giveaway,2026-02-07 19:43:51.000,2026-03-08 19:43:51.000,481
305,70fdfa0b,Quarterly Giveaway,2026-02-07 19:43:51.000,2026-03-08 19:43:51.000,484
306,1fd9b689,Grand Prize Draw,2026-02-07 19:43:51.000,2026-03-06 19:43:51.000,484
307,47718514,Quarterly Giveaway,2026-02-07 19:43:51.000,2026-03-07 19:43:51.000,484
308,f2c35fab,Special Prize Draw,2026-02-07 19:43:51.000,2026-03-04 19:43:51.000,485
309,43b61db4,Quarterly Giveaway,2026-02-07 19:43:51.000,2026-02-16 19:43:51.000,486
310,a2013806,Monthly Raffle,2026-02-07 19:43:51.000,2026-03-01 19:43:51.000,492
311,81f36702,Special Prize Draw,2026-02-07 19:43:51.000,2026-03-08 19:43:51.000,492
312,2d33cd87,Quarterly Giveaway,2026-02-07 19:43:51.000,2026-03-06 19:43:51.000,496
313,e08afc86,Grand Prize Draw,2026-02-07 19:43:51.000,2026-02-23 19:43:51.000,497
314,67c6b126,Quarterly Giveaway,2026-02-07 19:43:51.000,2026-02-18 19:43:51.000,497
315,773ea059,Special Prize Draw,2026-02-07 19:43:51.000,2026-02-23 19:43:51.000,498
316,5ddd8d34,Grand Prize Draw,2026-02-07 19:43:51.000,2026-03-04 19:43:51.000,498
