id,user_id,business_id,business_branch_id
1,1,1,1
2,2,1,1
3,3,1,1
4,4,1,1
5,5,2,4
6,6,2,3
7,7,2,3
8,8,3,6
9,9,3,6
10,10,3,5
11,11,3,5
12,12,3,5
13,13,3,5
14,14,3,5
15,15,3,5
16,16,4,10
17,17,4,9
18,18,4,8
19,19,4,9
20,20,4,10
21,21,4,10
22,22,5,16
23,23,5,11
24,24,5,11
25,25,5,14
26,26,5,14
27,27,5,15
28,28,5,15
29,29,5,15
30,30,5,14
31,31,5,16
32,32,5,12
33,33,5,13
34,34,6,18
35,35,6,17
36,36,6,18
37,37,6,17
38,38,7,19
39,39,7,19
40,40,7,19
41,41,8,22
42,42,8,20
43,43,8,22
44,44,8,23
45,45,8,21
46,46,9,24
47,47,9,24
48,48,9,24
49,49,9,24
50,50,9,24
51,51,10,27
52,52,10,25
53,53,10,25
54,54,10,25
55,55,11,28
56,56,11,28
57,57,11,28
58,58,11,28
59,59,11,28
60,60,12,30
61,61,12,29
62,62,12,29
63,63,12,30
64,64,13,31
65,65,13,31
66,66,13,31
67,67,13,31
68,68,13,31
69,69,14,33
70,70,14,32
71,71,14,32
72,72,14,33
73,73,14,34
74,74,14,33
75,75,15,36
76,76,15,40
77,77,15,36
78,78,15,37
79,79,15,36
80,80,15,39
81,81,15,38
82,82,16,44
83,83,16,44
84,84,16,43
85,85,16,44
86,86,16,44
87,87,17,45
88,88,17,45
89,89,17,45
90,90,17,45
91,91,17,45
92,92,18,49
93,93,18,49
94,94,18,47
95,95,18,47
96,96,18,46
97,97,18,47
98,98,18,46
99,99,18,46
100,100,18,46
101,101,18,46
102,102,19,50
103,103,19,50
104,104,19,50
105,105,19,50
106,106,20,52
107,107,20,51
108,108,20,51
109,109,20,53
110,110,20,53
111,111,20,52
112,112,20,52
113,113,21,54
114,114,21,54
115,115,21,55
116,116,21,54
117,117,22,56
118,118,22,56
119,119,22,57
120,120,22,57
121,121,22,57
122,122,23,59
123,123,23,58
124,124,23,60
125,125,23,58
126,126,23,59
127,127,23,59
128,128,24,63
129,129,24,63
130,130,24,65
131,131,24,62
132,132,24,65
133,133,24,64
134,134,24,61
135,135,24,62
136,136,24,64
137,137,24,64
138,138,25,69
139,139,25,69
140,140,25,69
141,141,26,70
142,142,26,70
143,143,26,72
144,144,26,72
145,145,26,70
146,146,26,70
147,147,26,70
148,148,27,73
149,149,27,75
150,150,27,75
151,151,27,77
152,152,27,74
153,153,27,76
154,154,27,75
155,155,27,73
156,156,27,77
157,157,27,73
158,158,27,75
159,159,28,78
160,160,28,78
161,161,28,78
162,162,28,78
163,163,28,78
164,164,29,79
165,165,29,79
166,166,29,79
167,167,30,82
168,168,30,80
169,169,30,81
170,170,30,81
171,171,30,81
172,172,30,80
173,173,30,82
174,174,30,81
175,175,30,82
176,176,30,81
177,177,31,83
178,178,31,83
179,179,31,83
180,180,32,86
181,181,32,84
182,182,32,84
183,183,32,85
184,184,32,84
185,185,33,89
186,186,33,87
187,187,33,87
188,188,33,88
189,189,33,91
190,190,33,91
191,191,33,90
192,192,33,91
193,193,33,87
194,194,34,92
195,195,34,92
196,196,34,92
197,197,34,92
198,198,34,92
199,199,34,92
200,200,34,92
201,201,35,93
202,202,35,93
203,203,35,94
204,204,35,93
205,205,35,93
206,206,36,95
207,207,36,95
208,208,36,95
209,209,36,95
210,210,36,95
211,211,37,98
212,212,37,96
213,213,37,97
214,214,37,96
215,215,38,99
216,216,38,99
217,217,38,99
218,218,39,105
219,219,39,101
220,220,39,103
221,221,39,101
222,222,39,100
223,223,39,103
224,224,39,101
225,225,39,102
226,226,40,106
227,227,40,107
228,228,40,106
229,229,41,109
230,230,41,108
231,231,41,108
232,232,41,109
233,233,42,110
234,234,42,111
235,235,42,110
236,236,42,110
237,237,42,110
238,238,42,110
239,239,42,110
240,240,43,113
241,241,43,112
242,242,43,113
243,243,43,113
244,244,43,114
245,245,43,113
246,246,44,116
247,247,44,115
248,248,44,115
249,249,45,121
250,250,45,122
251,251,45,119
252,252,45,119
253,253,45,122
254,254,45,122
255,255,46,125
256,256,46,124
257,257,46,124
258,258,46,125
259,259,46,125
260,260,46,124
261,261,46,124
262,262,46,125
263,263,47,126
264,264,47,126
265,265,47,126
266,266,47,126
267,267,47,126
268,268,48,127
269,269,48,127
270,270,48,129
271,271,48,128
272,272,48,128
273,273,49,130
274,274,49,130
275,275,49,130
276,276,50,135
277,277,50,133
278,278,50,135
279,279,50,131
280,280,50,132
281,281,50,135
282,282,50,135
283,283,50,133
284,284,50,133
285,285,50,132
286,286,51,137
287,287,51,137
288,288,51,137
289,289,51,136
290,290,51,136
291,291,51,136
292,292,51,137
293,293,52,138
294,294,52,138
295,295,52,138
296,296,53,139
297,297,53,139
298,298,53,140
299,299,53,140
300,300,54,142
301,301,54,142
302,302,54,142
303,303,54,142
304,304,54,142
305,305,55,146
306,306,55,145
307,307,55,144
308,308,55,147
309,309,55,143
310,310,55,147
311,311,55,144
312,312,55,145
313,313,55,146
314,314,55,145
315,315,56,150
316,316,56,149
317,317,56,149
318,318,56,149
319,319,57,151
320,320,57,151
321,321,57,151
322,322,57,151
323,323,58,154
324,324,58,153
325,325,58,153
326,326,58,154
327,327,58,154
328,328,59,155
329,329,59,156
330,330,59,155
331,331,59,156
332,332,60,158
333,333,60,157
334,334,60,158
335,335,60,158
336,336,60,157
337,337,61,159
338,338,61,159
339,339,61,159
340,340,61,159
341,341,61,159
342,342,62,163
343,343,62,162
344,344,62,162
345,345,62,162
346,346,62,160
347,347,62,160
348,348,62,160
349,349,62,161
350,350,62,160
351,351,62,160
352,352,63,164
353,353,63,164
354,354,63,165
355,355,63,167
356,356,64,168
357,357,64,171
358,358,64,170
359,359,64,169
360,360,64,169
361,361,64,171
362,362,65,173
363,363,65,173
364,364,65,173
365,365,65,173
366,366,65,172
367,367,66,175
368,368,66,178
369,369,66,179
370,370,66,178
371,371,66,176
372,372,66,175
373,373,67,181
374,374,67,181
375,375,67,182
376,376,68,186
377,377,68,183
378,378,68,185
379,379,68,183
380,380,68,186
381,381,68,186
382,382,68,186
383,383,68,183
384,384,68,184
385,385,68,186
386,386,68,186
387,387,68,186
388,388,69,187
389,389,69,187
390,390,69,187
391,391,70,189
392,392,70,192
393,393,70,190
394,394,70,189
395,395,70,191
396,396,70,191
397,397,70,192
398,398,70,192
399,399,70,191
400,400,70,191
401,401,70,192
402,402,70,189
403,403,71,194
404,404,71,193
405,405,71,194
406,406,71,194
407,407,72,195
408,408,72,195
409,409,72,195
410,410,72,195
411,411,72,195
412,412,73,203
413,413,73,200
414,414,73,197
415,415,73,200
416,416,73,198
417,417,73,198
418,418,74,204
419,419,74,204
420,420,74,205
421,421,74,204
422,422,74,204
423,423,75,208
424,424,75,207
425,425,75,208
426,426,75,207
427,427,76,209
428,428,76,209
429,429,76,209
430,430,77,210
431,431,77,210
432,432,77,210
433,433,77,210
434,434,77,210
435,435,78,211
436,436,78,211
437,437,78,211
438,438,78,211
439,439,79,214
440,440,79,214
441,441,79,213
442,442,79,213
443,443,79,212
444,444,80,215
445,445,80,215
446,446,80,215
447,447,80,215
448,448,80,215
449,449,81,217
450,450,81,217
451,451,81,216
452,452,81,216
453,453,81,216
454,454,82,220
455,455,82,222
456,456,82,223
457,457,82,223
458,458,82,222
459,459,82,221
460,460,82,219
461,461,82,221
462,462,83,225
463,463,83,224
464,464,83,224
465,465,83,224
466,466,84,227
467,467,84,228
468,468,84,228
469,469,84,228
470,470,84,226
471,471,85,230
472,472,85,230
473,473,85,229
474,474,85,230
475,475,85,229
476,476,86,234
477,477,86,234
478,478,86,232
479,479,86,233
480,480,86,231
481,481,87,235
482,482,87,241
483,483,87,238
484,484,87,239
485,485,87,240
486,486,87,240
487,487,87,237
488,488,87,237
489,489,87,240
490,490,87,235
491,491,87,237
492,492,87,240
493,493,88,242
494,494,88,242
495,495,88,242
496,496,88,242
497,497,89,245
498,498,89,244
499,499,89,244
500,500,89,244
501,501,89,245
502,502,90,246
503,503,90,246
504,504,90,247
505,505,90,248
506,506,90,246
507,507,90,246
508,508,90,247
509,509,91,249
510,510,91,250
511,511,91,250
512,512,91,251
513,513,91,249
514,514,91,249
515,515,92,252
516,516,92,254
517,517,92,252
518,518,92,254
519,519,92,254
520,520,92,253
521,521,92,252
522,522,93,256
523,523,93,255
524,524,93,256
525,525,93,255
526,526,93,257
527,527,93,255
528,528,93,255
529,529,94,258
530,530,94,258
531,531,94,258
532,532,95,259
533,533,95,260
534,534,95,260
535,535,95,260
536,536,96,261
537,537,96,261
538,538,96,261
539,539,96,261
540,540,97,265
541,541,97,264
542,542,97,264
543,543,97,267
544,544,97,264
545,545,97,263
546,546,97,265
547,547,97,264
548,548,97,267
549,549,98,269
550,550,98,268
551,551,98,269
552,552,99,271
553,553,99,270
554,554,99,270
555,555,99,271
556,556,99,270
557,557,100,273
558,558,100,273
559,559,100,273
560,560,100,273
561,561,101,276
562,562,101,276
563,563,101,274
564,564,101,275
565,565,101,274
566,566,101,274
567,567,101,274
568,568,102,277
569,569,102,277
570,570,102,277
571,571,102,277
572,572,103,280
573,573,103,279
574,574,103,280
575,575,103,279
576,576,104,281
577,577,104,281
578,578,104,281
579,579,104,281
580,580,105,282
581,581,105,282
582,582,105,282
583,583,106,284
584,584,106,288
585,585,106,287
586,586,106,284
587,587,106,283
588,588,106,287
589,589,107,289
590,590,107,289
591,591,107,291
592,592,107,291
593,593,107,292
594,594,107,289
595,595,108,293
596,596,108,293
597,597,108,293
598,598,108,293
599,599,108,293
600,600,108,293
601,601,109,298
602,602,109,298
603,603,109,298
604,604,109,298
605,605,109,297
606,606,109,294
607,607,109,298
608,608,109,294
609,609,109,294
610,610,109,294
611,611,109,294
612,612,110,300
613,613,110,302
614,614,110,301
615,615,110,299
616,616,111,305
617,617,111,303
618,618,111,304
619,619,111,303
620,620,111,303
621,621,112,307
622,622,112,306
623,623,112,307
624,624,112,307
625,625,112,306
626,626,112,307
627,627,112,307
628,628,113,308
629,629,113,309
630,630,113,308
631,631,113,309
632,632,113,309
633,633,114,311
634,634,114,310
635,635,114,311
636,636,115,312
637,637,115,313
638,638,115,312
639,639,115,312
640,640,115,313
641,641,115,312
642,642,115,313
643,643,116,314
644,644,116,314
645,645,116,314
646,646,116,314
647,647,117,317
648,648,117,316
649,649,117,318
650,650,117,317
651,651,118,320
652,652,118,321
653,653,118,322
654,654,118,321
655,655,119,323
656,656,119,323
657,657,119,323
658,658,119,323
659,659,119,323
660,660,120,325
661,661,120,324
662,662,120,325
663,663,120,324
664,664,120,324
665,665,120,325
666,666,120,325
667,667,120,324
668,668,120,324
669,669,121,326
670,670,121,326
671,671,121,326
672,672,121,326
673,673,122,330
674,674,122,329
675,675,122,330
676,676,122,329
677,677,122,328
678,678,122,329
679,679,122,330
680,680,123,331
681,681,123,331
682,682,123,331
683,683,123,331
684,684,123,331
685,685,124,333
686,686,124,332
687,687,124,333
688,688,124,335
689,689,124,334
690,690,124,335
691,691,124,334
692,692,124,335
693,693,125,336
694,694,125,336
695,695,125,336
696,696,125,336
697,697,126,338
698,698,126,337
699,699,126,337
700,700,126,338
701,701,126,338
702,702,126,337
703,703,127,339
704,704,127,339
705,705,127,339
706,706,128,341
707,707,128,341
708,708,128,341
709,709,128,341
710,710,129,342
711,711,129,342
712,712,129,342
713,713,130,344
714,714,130,345
715,715,130,345
716,716,130,343
717,717,130,343
718,718,130,344
719,719,131,346
720,720,131,346
721,721,131,346
722,722,132,348
723,723,132,348
724,724,132,348
725,725,132,348
726,726,132,348
727,727,133,354
728,728,133,354
729,729,133,350
730,730,133,349
731,731,133,350
732,732,133,352
733,733,133,351
734,734,133,352
735,735,133,351
736,736,133,352
737,737,134,355
738,738,134,356
739,739,134,356
740,740,134,355
741,741,134,356
742,742,135,357
743,743,135,357
744,744,135,358
745,745,135,358
746,746,136,361
747,747,136,361
748,748,136,360
749,749,136,361
750,750,136,360
751,751,136,360
752,752,137,362
753,753,137,362
754,754,137,362
755,755,137,362
756,756,138,364
757,757,138,363
758,758,138,364
759,759,138,364
760,760,139,366
761,761,139,365
762,762,139,366
763,763,139,365
764,764,140,367
765,765,140,367
766,766,140,367
767,767,140,367
768,768,140,367
769,769,141,368
770,770,141,368
771,771,141,368
772,772,141,368
773,773,142,370
774,774,142,371
775,775,142,370
776,776,142,371
777,777,142,370
778,778,142,370
779,779,142,369
780,780,143,373
781,781,143,373
782,782,143,373
783,783,143,374
784,784,143,373
785,785,143,374
786,786,143,373
787,787,143,372
788,788,143,373
789,789,143,373
790,790,144,375
791,791,144,376
792,792,144,375
793,793,144,379
794,794,144,378
795,795,144,375
796,796,144,376
797,797,144,378
798,798,144,375
799,799,144,376
800,800,144,375
801,801,144,377
802,802,145,380
803,803,145,380
804,804,145,380
805,805,146,382
806,806,146,381
807,807,146,381
808,808,146,382
809,809,147,384
810,810,147,383
811,811,147,383
812,812,147,385
813,813,147,383
814,814,148,387
815,815,148,392
816,816,148,392
817,817,148,387
818,818,148,391
819,819,148,388
820,820,148,390
821,821,148,386
822,822,148,387
823,823,148,387
824,824,149,395
825,825,149,395
826,826,149,395
827,827,149,395
828,828,149,393
829,829,149,395
830,830,150,396
831,831,150,396
832,832,150,396
833,833,150,396
834,834,150,398
835,835,150,397
836,836,151,402
837,837,151,403
838,838,151,402
839,839,151,402
840,840,151,400
841,841,151,400
842,842,151,402
843,843,151,401
844,844,151,403
845,845,151,403
846,846,151,402
847,847,152,406
848,848,152,404
849,849,152,410
850,850,152,404
851,851,152,407
852,852,152,406
853,853,152,408
854,854,153,412
855,855,153,412
856,856,153,412
857,857,153,412
858,858,154,413
859,859,154,414
860,860,154,415
861,861,154,413
862,862,154,414
863,863,154,415
864,864,155,417
865,865,155,417
866,866,155,417
867,867,155,417
868,868,156,418
869,869,156,418
870,870,156,419
871,871,156,418
872,872,156,419
873,873,156,419
874,874,156,419
875,875,157,420
876,876,157,421
877,877,157,420
878,878,157,423
879,879,158,424
880,880,158,424
881,881,158,424
882,882,158,424
883,883,159,425
884,884,159,426
885,885,159,425
886,886,160,427
887,887,160,429
888,888,160,427
889,889,160,427
890,890,160,428
891,891,160,427
892,892,161,430
893,893,161,430
894,894,161,430
895,895,161,430
896,896,162,431
897,897,162,431
898,898,162,431
899,899,162,431
900,900,162,432
901,901,162,431
902,902,162,431
903,903,163,437
904,904,163,435
905,905,163,438
906,906,163,434
907,907,163,435
908,908,163,433
909,909,163,435
910,910,163,434
911,911,163,439
912,912,163,434
913,913,163,437
914,914,163,434
915,915,164,442
916,916,164,443
917,917,164,443
918,918,164,440
919,919,164,443
920,920,165,444
921,921,165,444
922,922,165,445
923,923,165,444
924,924,166,446
925,925,166,446
926,926,166,446
927,927,167,447
928,928,167,447
929,929,167,447
930,930,167,447
931,931,167,447
932,932,168,449
933,933,168,449
934,934,168,448
935,935,168,448
936,936,168,448
937,937,169,454
938,938,169,453
939,939,169,454
940,940,169,454
941,941,169,452
942,942,169,454
943,943,169,451
944,944,169,450
945,945,170,455
946,946,170,455
947,947,170,455
948,948,170,455
949,949,170,455
950,950,170,455
951,951,171,456
952,952,171,456
953,953,171,456
954,954,171,456
955,955,171,456
956,956,171,456
957,957,171,456
958,958,172,458
959,959,172,457
960,960,172,457
961,961,173,459
962,962,173,459
963,963,173,461
964,964,173,460
965,965,173,460
966,966,173,459
967,967,173,459
968,968,173,460
969,969,173,461
970,970,173,459
971,971,173,461
972,972,174,462
973,973,174,462
974,974,174,463
975,975,174,462
976,976,175,464
977,977,175,464
978,978,175,464
979,979,175,464
980,980,176,467
981,981,176,468
982,982,176,468
983,983,176,466
984,984,176,471
985,985,176,465
986,986,176,471
987,987,177,473
988,988,177,473
989,989,177,473
990,990,177,476
991,991,178,478
992,992,178,478
993,993,178,478
994,994,179,479
995,995,179,479
996,996,179,479
997,997,179,479
998,998,180,480
999,999,180,480
1000,1000,180,480
1001,1001,180,480
1002,1002,180,480
1003,1003,181,483
1004,1004,181,481
1005,1005,181,485
1006,1006,181,481
1007,1007,181,484
1008,1008,181,482
1009,1009,181,485
1010,1010,181,485
1011,1011,181,483
1012,1012,181,482
1013,1013,182,492
1014,1014,182,487
1015,1015,182,492
1016,1016,182,492
1017,1017,182,490
1018,1018,182,489
1019,1019,183,496
1020,1020,183,495
1021,1021,183,494
1022,1022,183,495
1023,1023,183,494
1024,1024,183,494
1025,1025,183,495
1026,1026,184,498
1027,1027,184,498
1028,1028,184,498
1029,1029,184,497
1030,1030,185,501
1031,1031,185,499
1032,1032,185,501
1033,1033,185,501
1034,1034,185,502
1035,1035,185,501
1036,1036,185,500
1037,1037,186,506
1038,1038,186,506
1039,1039,186,508
1040,1040,186,505
1041,1041,186,504
1042,1042,186,507
1043,1043,187,510
1044,1044,187,509
1045,1045,187,510
1046,1046,187,509
1047,1047,187,509
1048,1048,187,509
1049,1049,187,510
1050,1050,188,511
1051,1051,188,511
1052,1052,188,511
1053,1053,188,511
1054,1054,189,512
1055,1055,189,513
1056,1056,189,513
1057,1057,189,513
1058,1058,189,513
1059,1059,190,517
1060,1060,190,514
1061,1061,190,514
1062,1062,190,514
1063,1063,190,518
1064,1064,190,514
1065,1065,190,517
1066,1066,191,520
1067,1067,191,519
1068,1068,191,521
1069,1069,191,519
1070,1070,191,519
1071,1071,191,521
1072,1072,192,522
1073,1073,192,522
1074,1074,192,522
1075,1075,192,522
1076,1076,192,522
1077,1077,192,522
1078,1078,193,523
1079,1079,193,523
1080,1080,193,523
1081,1081,193,523
1082,1082,194,524
1083,1083,194,524
1084,1084,194,524
1085,1085,194,524
1086,1086,195,526
1087,1087,195,526
1088,1088,195,526
1089,1089,195,526
1090,1090,195,526
1091,1091,196,528
1092,1092,196,528
1093,1093,196,527
1094,1094,196,528
1095,1095,196,528
1096,1096,197,529
1097,1097,197,530
1098,1098,197,530
1099,1099,197,529
1100,1100,197,530
1101,1101,197,530
1102,1102,197,530
1103,1103,198,531
1104,1104,198,531
1105,1105,198,532
1106,1106,198,532
1107,1107,198,533
1108,1108,198,531
1109,1109,198,531
1110,1110,199,534
1111,1111,199,535
1112,1112,199,535
1113,1113,199,536
1114,1114,199,534
1115,1115,200,537
1116,1116,200,538
1117,1117,200,538
1118,1118,200,538
1119,1119,201,539
1120,1120,201,542
1121,1121,201,543
1122,1122,201,540
1123,1123,201,545
1124,1124,201,542
1125,1125,201,544
1126,1126,201,539
1127,1127,202,546
1128,1128,202,546
1129,1129,202,546
1130,1130,203,547
1131,1131,203,547
1132,1132,203,547
1133,1133,203,547
1134,1134,203,547
1135,1135,203,547
1136,1136,204,548
1137,1137,204,550
1138,1138,204,548
1139,1139,204,550
1140,1140,205,552
1141,1141,205,551
1142,1142,205,551
1143,1143,205,551
1144,1144,205,552
1145,1145,206,556
1146,1146,206,556
1147,1147,206,555
1148,1148,206,554
1149,1149,206,556
1150,1150,207,557
1151,1151,207,557
1152,1152,207,557
1153,1153,207,557
1154,1154,207,557
1155,1155,208,559
1156,1156,208,560
1157,1157,208,558
1158,1158,208,560
1159,1159,208,560
1160,1160,208,560
1161,1161,208,559
1162,1162,208,559
1163,1163,208,560
1164,1164,209,562
1165,1165,209,562
1166,1166,209,562
1167,1167,209,562
1168,1168,210,563
1169,1169,210,564
1170,1170,210,563
1171,1171,210,564
1172,1172,210,563
1173,1173,211,571
1174,1174,211,571
1175,1175,211,571
1176,1176,211,571
1177,1177,211,570
1178,1178,211,566
1179,1179,212,573
1180,1180,212,572
1181,1181,212,573
1182,1182,212,572
1183,1183,212,574
1184,1184,213,576
1185,1185,213,576
1186,1186,213,576
1187,1187,213,576
1188,1188,213,575
1189,1189,213,575
1190,1190,213,577
1191,1191,213,575
1192,1192,213,577
1193,1193,214,578
1194,1194,214,579
1195,1195,214,579
1196,1196,214,578
1197,1197,215,581
1198,1198,215,580
1199,1199,215,581
1200,1200,215,580
1201,1201,216,584
1202,1202,216,586
1203,1203,216,588
1204,1204,216,583
1205,1205,216,584
1206,1206,216,584
1207,1207,216,584
1208,1208,216,584
1209,1209,217,590
1210,1210,217,591
1211,1211,217,590
1212,1212,217,589
1213,1213,217,591
1214,1214,217,591
1215,1215,217,591
1216,1216,218,595
1217,1217,218,597
1218,1218,218,592
1219,1219,218,594
1220,1220,218,594
1221,1221,218,594
1222,1222,218,592
1223,1223,218,592
1224,1224,219,598
1225,1225,219,598
1226,1226,219,598
1227,1227,219,598
1228,1228,220,599
1229,1229,220,599
1230,1230,220,599
1231,1231,220,599
1232,1232,221,601
1233,1233,221,607
1234,1234,221,604
1235,1235,221,604
1236,1236,221,602
1237,1237,221,605
1238,1238,221,602
1239,1239,221,606
1240,1240,221,608
1241,1241,221,601
1242,1242,221,608
1243,1243,222,612
1244,1244,222,610
1245,1245,222,610
1246,1246,222,610
1247,1247,222,610
1248,1248,222,611
1249,1249,222,609
1250,1250,223,613
1251,1251,223,613
1252,1252,223,613
1253,1253,223,613
1254,1254,223,613
1255,1255,224,614
1256,1256,224,617
1257,1257,224,614
1258,1258,224,614
1259,1259,224,617
1260,1260,224,615
1261,1261,224,616
1262,1262,225,619
1263,1263,225,619
1264,1264,225,620
1265,1265,225,620
1266,1266,225,621
1267,1267,225,620
1268,1268,225,618
1269,1269,226,623
1270,1270,226,623
1271,1271,226,623
1272,1272,226,623
1273,1273,227,627
1274,1274,227,625
1275,1275,227,626
1276,1276,227,628
1277,1277,227,626
1278,1278,227,625
1279,1279,227,628
1280,1280,227,628
1281,1281,227,625
1282,1282,227,626
1283,1283,228,634
1284,1284,228,635
1285,1285,228,633
1286,1286,228,631
1287,1287,228,633
1288,1288,228,630
1289,1289,228,632
1290,1290,228,636
1291,1291,228,635
1292,1292,228,635
1293,1293,228,636
1294,1294,228,635
1295,1295,229,638
1296,1296,229,638
1297,1297,229,638
1298,1298,229,638
1299,1299,229,638
1300,1300,230,641
1301,1301,230,642
1302,1302,230,640
1303,1303,230,641
1304,1304,230,641
1305,1305,230,640
1306,1306,230,642
1307,1307,231,643
1308,1308,231,644
1309,1309,231,643
1310,1310,231,643
1311,1311,231,644
1312,1312,232,645
1313,1313,232,645
1314,1314,232,645
1315,1315,232,645
1316,1316,232,645
1317,1317,233,647
1318,1318,233,647
1319,1319,233,647
1320,1320,233,647
1321,1321,234,648
1322,1322,234,650
1323,1323,234,650
1324,1324,234,650
1325,1325,234,649
1326,1326,234,648
1327,1327,234,649
1328,1328,234,650
1329,1329,234,650
1330,1330,234,650
1331,1331,234,649
1332,1332,234,649
1333,1333,235,651
1334,1334,235,653
1335,1335,235,653
1336,1336,235,654
1337,1337,235,653
1338,1338,235,654
1339,1339,235,651
1340,1340,236,655
1341,1341,236,655
1342,1342,236,655
1343,1343,236,655
1344,1344,237,656
1345,1345,237,656
1346,1346,237,656
1347,1347,237,656
1348,1348,238,657
1349,1349,238,657
1350,1350,238,657
1351,1351,239,659
1352,1352,239,658
1353,1353,239,659
1354,1354,240,660
1355,1355,240,660
1356,1356,240,660
1357,1357,240,660
1358,1358,240,660
1359,1359,241,663
1360,1360,241,661
1361,1361,241,662
1362,1362,241,663
1363,1363,241,662
1364,1364,241,662
1365,1365,241,663
1366,1366,241,664
1367,1367,241,663
1368,1368,242,665
1369,1369,242,665
1370,1370,242,665
1371,1371,242,665
1372,1372,242,665
1373,1373,242,665
1374,1374,243,666
1375,1375,243,667
1376,1376,243,666
1377,1377,243,667
1378,1378,243,666
1379,1379,243,666
1380,1380,243,667
1381,1381,244,671
1382,1382,244,670
1383,1383,244,670
1384,1384,244,671
1385,1385,245,677
1386,1386,245,676
1387,1387,245,677
1388,1388,245,675
1389,1389,245,673
1390,1390,245,673
1391,1391,245,679
1392,1392,245,676
1393,1393,245,679
1394,1394,245,677
1395,1395,245,675
1396,1396,245,673
1397,1397,246,683
1398,1398,246,684
1399,1399,246,681
1400,1400,246,687
1401,1401,246,681
1402,1402,246,687
1403,1403,246,684
1404,1404,246,685
1405,1405,246,686
1406,1406,246,686
1407,1407,246,685
1408,1408,247,689
1409,1409,247,689
1410,1410,247,688
1411,1411,247,689
1412,1412,247,688
1413,1413,248,690
1414,1414,248,690
1415,1415,248,690
1416,1416,248,690
1417,1417,249,692
1418,1418,249,692
1419,1419,249,691
1420,1420,249,692
1421,1421,250,697
1422,1422,250,694
1423,1423,250,694
1424,1424,250,699
1425,1425,250,698
1426,1426,250,696
1427,1427,250,698
1428,1428,250,694
1429,1429,250,695
1430,1430,250,700
1431,1431,250,694
1432,1432,250,700
1433,1433,251,701
1434,1434,251,701
1435,1435,251,702
1436,1436,251,702
1437,1437,251,702
1438,1438,252,703
1439,1439,252,704
1440,1440,252,704
1441,1441,252,704
1442,1442,252,704
1443,1443,252,704
1444,1444,253,706
1445,1445,253,707
1446,1446,253,705
1447,1447,253,707
1448,1448,254,708
1449,1449,254,708
1450,1450,254,708
1451,1451,255,710
1452,1452,255,711
1453,1453,255,711
1454,1454,255,710
1455,1455,255,710
1456,1456,255,711
1457,1457,255,711
1458,1458,255,711
1459,1459,256,713
1460,1460,256,712
1461,1461,256,712
1462,1462,257,715
1463,1463,257,714
1464,1464,257,714
1465,1465,257,716
1466,1466,257,714
1467,1467,257,716
1468,1468,257,714
1469,1469,257,715
1470,1470,257,714
1471,1471,257,716
1472,1472,258,724
1473,1473,258,721
1474,1474,258,720
1475,1475,258,719
1476,1476,258,718
1477,1477,258,724
1478,1478,258,723
1479,1479,258,721
1480,1480,258,719
1481,1481,258,722
1482,1482,258,719
1483,1483,259,725
1484,1484,259,726
1485,1485,259,725
1486,1486,259,725
1487,1487,259,725
1488,1488,260,727
1489,1489,260,727
1490,1490,260,727
1491,1491,260,727
1492,1492,260,727
1493,1493,260,727
1494,1494,260,727
1495,1495,261,728
1496,1496,261,728
1497,1497,261,728
1498,1498,261,728
1499,1499,261,728
1500,1500,262,734
1501,1501,262,736
1502,1502,262,730
1503,1503,262,732
1504,1504,262,733
1505,1505,262,731
1506,1506,263,737
1507,1507,263,739
1508,1508,263,739
1509,1509,263,738
1510,1510,263,737
1511,1511,263,737
1512,1512,263,737
1513,1513,264,740
1514,1514,264,740
1515,1515,264,740
1516,1516,264,740
1517,1517,264,740
1518,1518,265,741
1519,1519,265,741
1520,1520,265,742
1521,1521,265,741
1522,1522,265,742
1523,1523,266,744
1524,1524,266,743
1525,1525,266,743
1526,1526,266,743
1527,1527,266,744
1528,1528,266,743
1529,1529,266,743
1530,1530,266,743
1531,1531,266,743
1532,1532,266,743
1533,1533,266,744
1534,1534,266,743
1535,1535,267,746
1536,1536,267,745
1537,1537,267,746
1538,1538,267,747
1539,1539,267,747
1540,1540,267,747
1541,1541,268,750
1542,1542,268,752
1543,1543,268,749
1544,1544,268,749
1545,1545,268,752
1546,1546,268,751
1547,1547,268,751
1548,1548,269,753
1549,1549,269,753
1550,1550,269,753
1551,1551,269,754
1552,1552,270,755
1553,1553,270,755
1554,1554,270,755
1555,1555,270,755
1556,1556,271,757
1557,1557,271,758
1558,1558,271,757
1559,1559,271,756
1560,1560,272,761
1561,1561,272,760
1562,1562,272,761
1563,1563,272,762
1564,1564,272,762
1565,1565,272,760
1566,1566,272,760
1567,1567,273,763
1568,1568,273,763
1569,1569,273,763
1570,1570,273,763
1571,1571,274,764
1572,1572,274,764
1573,1573,274,764
1574,1574,274,764
1575,1575,274,764
1576,1576,275,765
1577,1577,275,765
1578,1578,275,771
1579,1579,275,771
1580,1580,275,765
1581,1581,275,769
1582,1582,275,771
1583,1583,275,769
1584,1584,275,769
1585,1585,276,772
1586,1586,276,773
1587,1587,276,773
1588,1588,277,775
1589,1589,277,775
1590,1590,277,774
1591,1591,277,774
1592,1592,277,776
1593,1593,277,779
1594,1594,277,774
1595,1595,278,781
1596,1596,278,781
1597,1597,278,781
1598,1598,279,782
1599,1599,279,782
1600,1600,279,782
1601,1601,280,783
1602,1602,280,783
1603,1603,280,783
1604,1604,281,787
1605,1605,281,788
1606,1606,281,785
1607,1607,281,786
1608,1608,281,787
1609,1609,281,790
1610,1610,281,790
1611,1611,282,792
1612,1612,282,793
1613,1613,282,793
1614,1614,282,793
1615,1615,283,795
1616,1616,283,795
1617,1617,283,795
1618,1618,284,798
1619,1619,284,798
1620,1620,284,799
1621,1621,284,796
1622,1622,284,797
1623,1623,285,802
1624,1624,285,801
1625,1625,285,800
1626,1626,285,800
1627,1627,285,801
1628,1628,285,801
1629,1629,285,801
1630,1630,286,803
1631,1631,286,803
1632,1632,286,803
1633,1633,286,803
1634,1634,286,803
1635,1635,286,803
1636,1636,287,807
1637,1637,287,805
1638,1638,287,807
1639,1639,287,804
1640,1640,287,807
1641,1641,288,808
1642,1642,288,811
1643,1643,288,809
1644,1644,288,808
1645,1645,288,811
1646,1646,288,808
1647,1647,288,808
1648,1648,289,812
1649,1649,289,812
1650,1650,289,812
1651,1651,289,812
1652,1652,290,813
1653,1653,290,813
1654,1654,290,813
1655,1655,290,813
1656,1656,291,814
1657,1657,291,814
1658,1658,291,814
1659,1659,291,814
1660,1660,291,814
1661,1661,292,816
1662,1662,292,815
1663,1663,292,815
1664,1664,293,819
1665,1665,293,817
1666,1666,293,818
1667,1667,293,819
1668,1668,293,817
1669,1669,294,821
1670,1670,294,821
1671,1671,294,821
1672,1672,294,821
1673,1673,295,823
1674,1674,295,823
1675,1675,295,822
1676,1676,295,822
1677,1677,295,822
1678,1678,296,824
1679,1679,296,824
1680,1680,296,825
1681,1681,296,824
1682,1682,296,824
1683,1683,296,824
1684,1684,296,824
1685,1685,296,824
1686,1686,296,825
1687,1687,297,828
1688,1688,297,827
1689,1689,297,827
1690,1690,297,827
1691,1691,297,827
1692,1692,297,828
1693,1693,297,828
1694,1694,297,826
1695,1695,298,829
1696,1696,298,829
1697,1697,298,829
1698,1698,298,829
1699,1699,298,829
1700,1700,299,831
1701,1701,299,830
1702,1702,299,831
1703,1703,299,830
1704,1704,300,838
1705,1705,300,833
1706,1706,300,832
1707,1707,300,832
1708,1708,300,832
1709,1709,300,839
1710,1710,300,834
1711,1711,300,836
1712,1712,300,836
1713,1713,300,839
1714,1714,300,832
1715,1715,300,838
1716,1716,301,841
1717,1717,301,840
1718,1718,301,842
1719,1719,301,841
1720,1720,302,844
1721,1721,302,843
1722,1722,302,843
1723,1723,302,843
1724,1724,302,844
1725,1725,303,848
1726,1726,303,846
1727,1727,303,848
1728,1728,303,847
1729,1729,304,849
1730,1730,304,850
1731,1731,304,850
1732,1732,304,850
1733,1733,305,852
1734,1734,305,853
1735,1735,305,852
1736,1736,305,852
1737,1737,305,851
1738,1738,305,851
1739,1739,305,851
1740,1740,305,851
1741,1741,305,853
1742,1742,305,852
1743,1743,305,852
1744,1744,306,854
1745,1745,306,854
1746,1746,306,854
1747,1747,306,854
1748,1748,307,856
1749,1749,307,856
1750,1750,307,855
1751,1751,307,857
1752,1752,307,857
1753,1753,307,856
1754,1754,307,856
1755,1755,308,862
1756,1756,308,859
1757,1757,308,862
1758,1758,308,860
1759,1759,308,860
1760,1760,308,862
1761,1761,308,863
1762,1762,308,859
1763,1763,309,864
1764,1764,309,864
1765,1765,309,864
1766,1766,309,864
1767,1767,309,864
1768,1768,310,866
1769,1769,310,868
1770,1770,310,868
1771,1771,310,868
1772,1772,310,866
1773,1773,310,867
1774,1774,311,869
1775,1775,311,869
1776,1776,311,869
1777,1777,311,869
1778,1778,311,869
1779,1779,312,874
1780,1780,312,873
1781,1781,312,874
1782,1782,312,876
1783,1783,312,872
1784,1784,312,874
1785,1785,312,876
1786,1786,313,877
1787,1787,313,877
1788,1788,313,877
1789,1789,313,877
1790,1790,313,877
1791,1791,313,877
1792,1792,313,877
1793,1793,314,878
1794,1794,314,878
1795,1795,314,879
1796,1796,314,878
1797,1797,314,878
1798,1798,314,879
1799,1799,314,879
1800,1800,315,880
1801,1801,315,880
1802,1802,315,881
1803,1803,315,881
1804,1804,315,881
1805,1805,315,881
1806,1806,316,883
1807,1807,316,882
1808,1808,316,882
1809,1809,316,882
1810,1810,316,883
1811,1811,317,884
1812,1812,317,884
1813,1813,317,884
1814,1814,317,884
1815,1815,318,885
1816,1816,318,886
1817,1817,318,887
1818,1818,318,886
1819,1819,318,886
1820,1820,318,886
1821,1821,318,885
1822,1822,319,889
1823,1823,319,888
1824,1824,319,890
1825,1825,319,890
1826,1826,320,892
1827,1827,320,891
1828,1828,320,892
1829,1829,320,892
1830,1830,320,891
1831,1831,320,891
1832,1832,320,892
1833,1833,321,893
1834,1834,321,893
1835,1835,321,893
1836,1836,321,893
1837,1837,322,894
1838,1838,322,894
1839,1839,322,894
1840,1840,322,894
1841,1841,323,896
1842,1842,323,898
1843,1843,323,898
1844,1844,323,897
1845,1845,323,895
1846,1846,323,895
1847,1847,323,897
1848,1848,324,899
1849,1849,324,899
1850,1850,324,899
1851,1851,324,900
1852,1852,324,900
1853,1853,325,901
1854,1854,325,901
1855,1855,325,902
1856,1856,325,901
1857,1857,325,902
1858,1858,326,904
1859,1859,326,904
1860,1860,326,904
1861,1861,326,903
1862,1862,326,903
1863,1863,327,909
1864,1864,327,905
1865,1865,327,909
1866,1866,327,908
1867,1867,327,906
1868,1868,327,907
1869,1869,327,909
1870,1870,328,910
1871,1871,328,910
1872,1872,328,910
1873,1873,328,910
1874,1874,328,910
1875,1875,328,910
1876,1876,329,911
1877,1877,329,911
1878,1878,329,911
1879,1879,330,912
1880,1880,330,912
1881,1881,330,913
1882,1882,330,912
1883,1883,331,915
1884,1884,331,915
1885,1885,331,914
1886,1886,331,914
1887,1887,332,916
1888,1888,332,916
1889,1889,332,916
1890,1890,332,916
1891,1891,333,918
1892,1892,333,919
1893,1893,333,919
1894,1894,333,919
1895,1895,334,922
1896,1896,334,921
1897,1897,334,920
1898,1898,334,922
1899,1899,334,923
1900,1900,334,920
1901,1901,335,925
1902,1902,335,924
1903,1903,335,925
1904,1904,335,924
1905,1905,336,927
1906,1906,336,927
1907,1907,336,926
1908,1908,336,929
1909,1909,336,928
1910,1910,336,927
1911,1911,336,929
1912,1912,337,930
1913,1913,337,930
1914,1914,337,930
1915,1915,337,930
1916,1916,337,930
1917,1917,338,932
1918,1918,338,931
1919,1919,338,932
1920,1920,338,933
1921,1921,338,931
1922,1922,338,932
1923,1923,338,933
1924,1924,338,932
1925,1925,338,931
1926,1926,338,931
1927,1927,339,934
1928,1928,339,935
1929,1929,339,935
1930,1930,339,935
1931,1931,339,934
1932,1932,340,936
1933,1933,340,936
1934,1934,340,936
1935,1935,340,936
1936,1936,341,938
1937,1937,341,938
1938,1938,341,938
1939,1939,341,938
1940,1940,342,939
1941,1941,342,939
1942,1942,342,939
1943,1943,342,939
1944,1944,342,939
1945,1945,343,941
1946,1946,343,942
1947,1947,343,942
1948,1948,343,941
1949,1949,343,940
1950,1950,343,943
1951,1951,344,949
1952,1952,344,949
1953,1953,344,946
1954,1954,344,949
1955,1955,344,948
1956,1956,344,949
1957,1957,344,944
1958,1958,345,951
1959,1959,345,951
1960,1960,345,951
1961,1961,345,951
1962,1962,345,951
1963,1963,346,952
1964,1964,346,952
1965,1965,346,952
1966,1966,347,954
1967,1967,347,954
1968,1968,347,954
1969,1969,348,957
1970,1970,348,955
1971,1971,348,955
1972,1972,348,957
1973,1973,348,956
1974,1974,348,956
1975,1975,348,957
1976,1976,348,957
1977,1977,348,955
1978,1978,348,957
1979,1979,348,955
1980,1980,348,957
1981,1981,349,958
1982,1982,349,958
1983,1983,349,958
1984,1984,349,958
1985,1985,349,958
1986,1986,350,960
1987,1987,350,961
1988,1988,350,959
1989,1989,350,959
1990,1990,350,959
1991,1991,351,962
1992,1992,351,962
1993,1993,351,962
1994,1994,351,962
1995,1995,352,963
1996,1996,352,963
1997,1997,352,963
1998,1998,352,963
1999,1999,352,963
2000,2000,353,967
2001,2001,353,964
2002,2002,353,966
2003,2003,353,966
2004,2004,353,966
2005,2005,353,966
2006,2006,354,968
2007,2007,354,968
2008,2008,354,968
2009,2009,354,968
2010,2010,355,969
2011,2011,355,970
2012,2012,355,969
2013,2013,355,969
2014,2014,356,972
2015,2015,356,972
2016,2016,356,972
2017,2017,356,972
2018,2018,357,974
2019,2019,357,976
2020,2020,357,974
2021,2021,357,976
2022,2022,357,977
2023,2023,357,977
2024,2024,357,973
2025,2025,357,973
2026,2026,358,978
2027,2027,358,978
2028,2028,358,978
2029,2029,358,978
2030,2030,358,978
2031,2031,358,978
2032,2032,358,978
2033,2033,359,979
2034,2034,359,979
2035,2035,359,979
2036,2036,359,979
2037,2037,360,981
2038,2038,360,981
2039,2039,360,982
2040,2040,360,983
2041,2041,360,981
2042,2042,360,983
2043,2043,360,981
2044,2044,361,984
2045,2045,361,984
2046,2046,361,984
2047,2047,361,984
2048,2048,361,984
2049,2049,362,987
2050,2050,362,986
2051,2051,362,986
2052,2052,362,985
2053,2053,363,988
2054,2054,363,989
2055,2055,363,988
2056,2056,363,988
2057,2057,363,989
2058,2058,364,991
2059,2059,364,991
2060,2060,364,991
2061,2061,364,991
2062,2062,365,992
2063,2063,365,992
2064,2064,365,992
2065,2065,366,994
2066,2066,366,993
2067,2067,366,994
2068,2068,366,994
2069,2069,367,995
2070,2070,367,995
2071,2071,367,995
2072,2072,367,995
2073,2073,367,995
2074,2074,367,995
2075,2075,368,996
2076,2076,368,996
2077,2077,368,996
2078,2078,368,996
2079,2079,368,996
2080,2080,368,996
2081,2081,369,1000
2082,2082,369,1000
2083,2083,369,1000
2084,2084,369,997
2085,2085,369,997
2086,2086,369,1001
2087,2087,369,1002
2088,2088,369,1002
2089,2089,370,1003
2090,2090,370,1004
2091,2091,370,1004
2092,2092,370,1003
2093,2093,370,1004
2094,2094,370,1004
2095,2095,370,1003
2096,2096,370,1004
2097,2097,371,1006
2098,2098,371,1006
2099,2099,371,1006
2100,2100,372,1012
2101,2101,372,1014
2102,2102,372,1008
2103,2103,372,1013
2104,2104,372,1007
2105,2105,372,1010
2106,2106,372,1010
2107,2107,372,1009
2108,2108,372,1014
2109,2109,372,1007
2110,2110,372,1010
2111,2111,372,1010
2112,2112,373,1015
2113,2113,373,1015
2114,2114,373,1015
2115,2115,373,1015
2116,2116,374,1016
2117,2117,374,1016
2118,2118,374,1016
2119,2119,374,1016
2120,2120,374,1016
2121,2121,375,1018
2122,2122,375,1018
2123,2123,375,1017
2124,2124,376,1021
2125,2125,376,1020
2126,2126,376,1019
2127,2127,376,1019
2128,2128,376,1020
2129,2129,376,1021
2130,2130,376,1019
2131,2131,377,1023
2132,2132,377,1023
2133,2133,377,1023
2134,2134,377,1023
2135,2135,378,1024
2136,2136,378,1025
2137,2137,378,1025
2138,2138,378,1025
2139,2139,378,1025
2140,2140,379,1026
2141,2141,379,1027
2142,2142,379,1026
2143,2143,379,1026
2144,2144,379,1026
2145,2145,379,1027
2146,2146,379,1026
2147,2147,380,1029
2148,2148,380,1029
2149,2149,380,1029
2150,2150,380,1029
2151,2151,381,1030
2152,2152,381,1033
2153,2153,381,1031
2154,2154,381,1033
2155,2155,381,1033
2156,2156,382,1035
2157,2157,382,1035
2158,2158,382,1034
2159,2159,382,1035
2160,2160,382,1035
2161,2161,383,1036
2162,2162,383,1036
2163,2163,383,1036
2164,2164,384,1038
2165,2165,384,1037
2166,2166,384,1038
2167,2167,385,1039
2168,2168,385,1039
2169,2169,385,1039
2170,2170,385,1039
2171,2171,386,1040
2172,2172,386,1040
2173,2173,386,1040
2174,2174,387,1044
2175,2175,387,1043
2176,2176,387,1043
2177,2177,387,1043
2178,2178,387,1044
2179,2179,387,1044
2180,2180,387,1045
2181,2181,387,1042
2182,2182,387,1044
2183,2183,387,1044
2184,2184,387,1046
2185,2185,388,1048
2186,2186,388,1047
2187,2187,388,1047
2188,2188,388,1048
2189,2189,389,1049
2190,2190,389,1049
2191,2191,389,1049
2192,2192,389,1049
2193,2193,389,1049
2194,2194,390,1050
2195,2195,390,1052
2196,2196,390,1052
2197,2197,390,1051
2198,2198,390,1051
2199,2199,390,1051
2200,2200,391,1053
2201,2201,391,1053
2202,2202,391,1053
2203,2203,392,1054
2204,2204,392,1055
2205,2205,392,1054
2206,2206,392,1055
2207,2207,393,1056
2208,2208,393,1056
2209,2209,393,1056
2210,2210,393,1056
2211,2211,394,1058
2212,2212,394,1058
2213,2213,394,1058
2214,2214,394,1057
2215,2215,394,1058
2216,2216,394,1058
2217,2217,394,1058
2218,2218,395,1059
2219,2219,395,1059
2220,2220,395,1059
2221,2221,395,1059
2222,2222,396,1061
2223,2223,396,1060
2224,2224,396,1063
2225,2225,396,1062
2226,2226,396,1062
2227,2227,397,1064
2228,2228,397,1064
2229,2229,397,1064
2230,2230,397,1064
2231,2231,398,1065
2232,2232,398,1065
2233,2233,398,1065
2234,2234,399,1066
2235,2235,399,1069
2236,2236,399,1067
2237,2237,399,1067
2238,2238,399,1068
2239,2239,399,1068
2240,2240,400,1071
2241,2241,400,1070
2242,2242,400,1071
2243,2243,400,1071
2244,2244,400,1071
2245,2245,401,1073
2246,2246,401,1073
2247,2247,401,1073
2248,2248,402,1074
2249,2249,402,1074
2250,2250,402,1074
2251,2251,402,1074
2252,2252,402,1074
2253,2253,403,1075
2254,2254,403,1075
2255,2255,403,1075
2256,2256,404,1077
2257,2257,404,1076
2258,2258,404,1077
2259,2259,404,1077
2260,2260,404,1076
2261,2261,405,1078
2262,2262,405,1078
2263,2263,405,1078
2264,2264,405,1078
2265,2265,406,1082
2266,2266,406,1081
2267,2267,406,1079
2268,2268,406,1082
2269,2269,406,1079
2270,2270,407,1088
2271,2271,407,1088
2272,2272,407,1085
2273,2273,407,1083
2274,2274,407,1084
2275,2275,407,1088
2276,2276,407,1085
2277,2277,407,1084
2278,2278,407,1084
2279,2279,407,1088
2280,2280,407,1088
2281,2281,408,1091
2282,2282,408,1092
2283,2283,408,1090
2284,2284,408,1092
2285,2285,409,1093
2286,2286,409,1093
2287,2287,409,1093
2288,2288,409,1093
2289,2289,409,1093
2290,2290,410,1095
2291,2291,410,1094
2292,2292,410,1094
2293,2293,410,1094
2294,2294,410,1095
2295,2295,410,1094
2296,2296,410,1094
2297,2297,411,1096
2298,2298,411,1096
2299,2299,411,1098
2300,2300,411,1096
2301,2301,411,1102
2302,2302,411,1102
2303,2303,411,1096
2304,2304,412,1103
2305,2305,412,1103
2306,2306,412,1103
2307,2307,412,1103
2308,2308,412,1103
2309,2309,413,1104
2310,2310,413,1104
2311,2311,413,1104
2312,2312,414,1105
2313,2313,414,1106
2314,2314,414,1106
2315,2315,414,1106
2316,2316,414,1105
2317,2317,414,1105
2318,2318,415,1108
2319,2319,415,1108
2320,2320,415,1107
2321,2321,416,1109
2322,2322,416,1111
2323,2323,416,1109
2324,2324,416,1111
2325,2325,416,1111
2326,2326,416,1109
2327,2327,416,1111
2328,2328,417,1114
2329,2329,417,1114
2330,2330,417,1113
2331,2331,417,1114
2332,2332,418,1117
2333,2333,418,1116
2334,2334,418,1115
2335,2335,418,1116
2336,2336,418,1116
2337,2337,418,1115
2338,2338,418,1116
2339,2339,419,1119
2340,2340,419,1119
2341,2341,419,1119
2342,2342,419,1119
2343,2343,420,1120
2344,2344,420,1120
2345,2345,420,1120
2346,2346,420,1120
2347,2347,421,1121
2348,2348,421,1121
2349,2349,421,1121
2350,2350,421,1121
2351,2351,422,1122
2352,2352,422,1122
2353,2353,422,1122
2354,2354,422,1122
2355,2355,422,1122
2356,2356,423,1124
2357,2357,423,1124
2358,2358,423,1124
2359,2359,423,1124
2360,2360,424,1126
2361,2361,424,1125
2362,2362,424,1125
2363,2363,424,1126
2364,2364,424,1126
2365,2365,424,1125
2366,2366,424,1126
2367,2367,425,1128
2368,2368,425,1128
2369,2369,425,1127
2370,2370,426,1129
2371,2371,426,1129
2372,2372,426,1129
2373,2373,426,1129
2374,2374,426,1129
2375,2375,427,1132
2376,2376,427,1132
2377,2377,427,1131
2378,2378,427,1132
2379,2379,427,1132
2380,2380,428,1133
2381,2381,428,1133
2382,2382,428,1133
2383,2383,429,1135
2384,2384,429,1135
2385,2385,429,1134
2386,2386,429,1134
2387,2387,429,1137
2388,2388,429,1135
2389,2389,429,1138
2390,2390,429,1137
2391,2391,429,1138
2392,2392,430,1139
2393,2393,430,1139
2394,2394,430,1140
2395,2395,430,1140
2396,2396,431,1143
2397,2397,431,1144
2398,2398,431,1144
2399,2399,431,1144
2400,2400,431,1144
2401,2401,431,1144
2402,2402,431,1142
2403,2403,432,1149
2404,2404,432,1149
2405,2405,432,1147
2406,2406,432,1150
2407,2407,432,1147
2408,2408,432,1148
2409,2409,432,1147
2410,2410,433,1152
2411,2411,433,1151
2412,2412,433,1152
2413,2413,434,1153
2414,2414,434,1153
2415,2415,434,1153
2416,2416,434,1153
2417,2417,434,1153
2418,2418,434,1153
2419,2419,435,1155
2420,2420,435,1157
2421,2421,435,1156
2422,2422,435,1157
2423,2423,435,1154
2424,2424,435,1157
2425,2425,436,1158
2426,2426,436,1158
2427,2427,436,1158
2428,2428,436,1158
2429,2429,436,1158
2430,2430,436,1158
2431,2431,437,1159
2432,2432,437,1161
2433,2433,437,1160
2434,2434,437,1161
2435,2435,437,1160
2436,2436,437,1161
2437,2437,438,1163
2438,2438,438,1164
2439,2439,438,1163
2440,2440,438,1163
2441,2441,439,1165
2442,2442,439,1165
2443,2443,439,1165
2444,2444,439,1165
2445,2445,439,1165
2446,2446,439,1165
2447,2447,439,1165
2448,2448,440,1166
2449,2449,440,1166
2450,2450,440,1166
2451,2451,440,1166
2452,2452,441,1168
2453,2453,441,1167
2454,2454,441,1167
2455,2455,441,1168
2456,2456,441,1168
2457,2457,442,1171
2458,2458,442,1171
2459,2459,442,1170
2460,2460,442,1171
2461,2461,442,1170
2462,2462,442,1171
2463,2463,442,1170
2464,2464,443,1173
2465,2465,443,1172
2466,2466,443,1174
2467,2467,443,1175
2468,2468,443,1172
2469,2469,443,1174
2470,2470,443,1174
2471,2471,443,1174
2472,2472,443,1174
2473,2473,444,1176
2474,2474,444,1177
2475,2475,444,1177
2476,2476,444,1179
2477,2477,444,1176
2478,2478,444,1176
2479,2479,445,1181
2480,2480,445,1180
2481,2481,445,1181
2482,2482,445,1181
2483,2483,445,1181
2484,2484,445,1180
2485,2485,445,1180
2486,2486,445,1180
2487,2487,445,1180
2488,2488,445,1181
2489,2489,445,1180
2490,2490,445,1180
2491,2491,446,1182
2492,2492,446,1185
2493,2493,446,1185
2494,2494,446,1183
2495,2495,446,1184
2496,2496,446,1182
2497,2497,446,1184
2498,2498,446,1184
2499,2499,447,1186
2500,2500,447,1186
2501,2501,447,1187
2502,2502,447,1186
2503,2503,447,1187
2504,2504,448,1189
2505,2505,448,1188
2506,2506,448,1188
2507,2507,448,1189
2508,2508,448,1189
2509,2509,448,1189
2510,2510,449,1191
2511,2511,449,1191
2512,2512,449,1190
2513,2513,450,1192
2514,2514,450,1192
2515,2515,450,1192
2516,2516,450,1192
2517,2517,451,1196
2518,2518,451,1194
2519,2519,451,1195
2520,2520,451,1194
2521,2521,451,1193
2522,2522,451,1195
2523,2523,451,1195
2524,2524,451,1193
2525,2525,451,1194
2526,2526,451,1194
2527,2527,451,1196
2528,2528,451,1195
2529,2529,452,1200
2530,2530,452,1199
2531,2531,452,1197
2532,2532,452,1198
2533,2533,452,1197
2534,2534,453,1201
2535,2535,453,1201
2536,2536,453,1201
2537,2537,453,1201
2538,2538,454,1202
2539,2539,454,1202
2540,2540,454,1202
2541,2541,455,1204
2542,2542,455,1204
2543,2543,455,1204
2544,2544,455,1204
2545,2545,455,1204
2546,2546,456,1205
2547,2547,456,1205
2548,2548,456,1205
2549,2549,456,1205
2550,2550,456,1205
2551,2551,457,1207
2552,2552,457,1206
2553,2553,457,1207
2554,2554,457,1207
2555,2555,457,1206
2556,2556,457,1206
2557,2557,457,1206
2558,2558,458,1208
2559,2559,458,1208
2560,2560,458,1208
2561,2561,458,1208
2562,2562,459,1214
2563,2563,459,1215
2564,2564,459,1210
2565,2565,459,1215
2566,2566,459,1210
2567,2567,459,1209
2568,2568,459,1212
2569,2569,459,1211
2570,2570,459,1212
2571,2571,459,1211
2572,2572,459,1209
2573,2573,459,1211
2574,2574,460,1217
2575,2575,460,1217
2576,2576,460,1217
2577,2577,460,1217
2578,2578,461,1221
2579,2579,461,1220
2580,2580,461,1220
2581,2581,461,1221
2582,2582,461,1218
2583,2583,461,1218
2584,2584,461,1220
2585,2585,461,1218
2586,2586,461,1218
2587,2587,461,1219
2588,2588,462,1222
2589,2589,462,1223
2590,2590,462,1223
2591,2591,462,1223
2592,2592,462,1223
2593,2593,462,1223
2594,2594,462,1223
2595,2595,463,1225
2596,2596,463,1225
2597,2597,463,1224
2598,2598,463,1225
2599,2599,463,1224
2600,2600,463,1225
2601,2601,463,1224
2602,2602,463,1224
2603,2603,463,1224
2604,2604,463,1224
2605,2605,464,1227
2606,2606,464,1226
2607,2607,464,1227
2608,2608,464,1226
2609,2609,465,1228
2610,2610,465,1228
2611,2611,465,1228
2612,2612,465,1228
2613,2613,465,1228
2614,2614,466,1229
2615,2615,466,1229
2616,2616,466,1229
2617,2617,466,1229
2618,2618,466,1229
2619,2619,467,1230
2620,2620,467,1230
2621,2621,467,1230
2622,2622,467,1230
2623,2623,467,1230
2624,2624,467,1230
2625,2625,467,1230
2626,2626,468,1231
2627,2627,468,1231
2628,2628,468,1231
2629,2629,468,1232
2630,2630,468,1232
2631,2631,469,1234
2632,2632,469,1234
2633,2633,469,1233
2634,2634,469,1234
2635,2635,469,1233
2636,2636,469,1233
2637,2637,470,1236
2638,2638,470,1236
2639,2639,470,1236
2640,2640,470,1236
2641,2641,471,1238
2642,2642,471,1237
2643,2643,471,1237
2644,2644,472,1239
2645,2645,472,1239
2646,2646,472,1239
2647,2647,472,1239
2648,2648,473,1240
2649,2649,473,1240
2650,2650,473,1240
2651,2651,473,1240
2652,2652,473,1240
2653,2653,473,1240
2654,2654,474,1243
2655,2655,474,1244
2656,2656,474,1242
2657,2657,474,1243
2658,2658,474,1242
2659,2659,474,1244
2660,2660,475,1251
2661,2661,475,1245
2662,2662,475,1250
2663,2663,475,1246
2664,2664,475,1246
2665,2665,475,1245
2666,2666,475,1249
2667,2667,475,1248
2668,2668,475,1246
2669,2669,476,1253
2670,2670,476,1253
2671,2671,476,1253
2672,2672,476,1253
2673,2673,476,1253
2674,2674,477,1255
2675,2675,477,1254
2676,2676,477,1254
2677,2677,477,1254
2678,2678,477,1254
2679,2679,478,1257
2680,2680,478,1257
2681,2681,478,1257
2682,2682,478,1257
2683,2683,479,1258
2684,2684,479,1259
2685,2685,479,1258
2686,2686,479,1259
2687,2687,479,1258
2688,2688,480,1260
2689,2689,480,1260
2690,2690,480,1260
2691,2691,480,1260
2692,2692,480,1260
2693,2693,481,1263
2694,2694,481,1263
2695,2695,481,1261
2696,2696,481,1262
2697,2697,481,1261
2698,2698,481,1265
2699,2699,482,1269
2700,2700,482,1268
2701,2701,482,1272
2702,2702,482,1271
2703,2703,482,1270
2704,2704,482,1269
2705,2705,483,1273
2706,2706,483,1273
2707,2707,483,1273
2708,2708,483,1273
2709,2709,484,1275
2710,2710,484,1275
2711,2711,484,1275
2712,2712,484,1275
2713,2713,484,1275
2714,2714,485,1276
2715,2715,485,1276
2716,2716,485,1276
2717,2717,485,1276
2718,2718,485,1276
2719,2719,486,1277
2720,2720,486,1277
2721,2721,486,1279
2722,2722,486,1279
2723,2723,486,1278
2724,2724,486,1277
2725,2725,486,1277
2726,2726,487,1280
2727,2727,487,1281
2728,2728,487,1281
2729,2729,487,1280
2730,2730,487,1280
2731,2731,488,1283
2732,2732,488,1283
2733,2733,488,1283
2734,2734,489,1285
2735,2735,489,1285
2736,2736,489,1285
2737,2737,489,1285
2738,2738,489,1285
2739,2739,490,1287
2740,2740,490,1287
2741,2741,490,1287
2742,2742,490,1287
2743,2743,491,1290
2744,2744,491,1290
2745,2745,491,1290
2746,2746,491,1289
2747,2747,491,1291
2748,2748,492,1292
2749,2749,492,1292
2750,2750,492,1292
2751,2751,493,1296
2752,2752,493,1296
2753,2753,493,1295
2754,2754,493,1296
2755,2755,493,1296
2756,2756,494,1297
2757,2757,494,1297
2758,2758,494,1297
2759,2759,494,1297
2760,2760,494,1297
2761,2761,494,1297
2762,2762,495,1298
2763,2763,495,1298
2764,2764,495,1298
2765,2765,495,1298
2766,2766,496,1300
2767,2767,496,1301
2768,2768,496,1299
2769,2769,496,1301
2770,2770,496,1301
2771,2771,497,1303
2772,2772,497,1303
2773,2773,497,1303
2774,2774,497,1302
2775,2775,498,1304
2776,2776,498,1304
2777,2777,498,1304
2778,2778,498,1304
2779,2779,499,1306
2780,2780,499,1305
2781,2781,499,1305
2782,2782,499,1305
2783,2783,500,1307
2784,2784,500,1308
2785,2785,500,1307
2786,2786,500,1307
2787,2787,500,1308
2788,2788,500,1308
